sequence,type
CCTTTAGCTGGAAACCTAGCCCATGCTGGAGCATCCGTCGACTTAACTATTTTTTCTCTTCACCTAGCAGGAATCTCCTCAATCCTTGGAGCAATCAACTTCATTACTACTATTATTAACATGAAACCTGCGGCTATTTCCCAGTATCAAACACCCCTATTTGTGTGAGCCGTCCTAATTACAGCTGTCCTTCTCCTACTATCTCTTCCAGTCCTTGCTGCTGGAATTACAATGCTCCTGACAGACCGAAACCTAAACACAACCTTCTTTGACCCTGCAGGTGGAGGAGAC,0
CCTTTAGCTGGTAACCTAGCCCATGCTGGAGCATCCGTTGACTTAACTATTTTTTCTCTTCACCTAGCAGGAATCTCCTCAATCCTTGGAGCAATTAACTTCATTACAACTATTATTAACATGAAACCTGCGGCCATTTCCCAGTATCAAACACCCCTGTTTGTGTGAGCCGTTCTAATTACAGCCGTCCTTCTCCTCCTATCTCTTCCAGTCCTTGCTGCTGGAATTACAATGCTCCTAACAGACCGAAACCTAAACACAACCTTCTTTGACCCTGCAGGTGGGGGAGACCCCATTCTTTACCAGCATCTT,0
CCTTTAGCTGGAAACCTAGCCCATGCTGGAGCATCCGTTGACTTAACTATTTTTTCTCTTCACCTAGCAGGAATCTCCTCAATCCTTGGAGCAATCAACTTCATTACTACTATTATTAACATGAAACCTGCGGCTATTTCCCAGTATCAAACACCCCTATTTGTGTGAGCCGTTCTAATTACAGCTGTTCTTCTCCTACTATCTCTTCCAGTCCTTGCTGCTGGAATTACAATGCTCCTAACAGACCGAAACCTAAACACAACCTTCTTTGACCCTGCAGGTGGAGGAGACCCCATTCTTTACCAGCACTTATTC,0
CCTTAGCTGGAAACCTAGCCCATGCTGGAGCATCCGTTGACTTAACTATTTTTTCTCTTCACCTAGCAGGAATCTCCTCAATCCTTGGAGCAATCAACTTCATTACGACTATTATTAACATGAAACCTGCGGCTATTTCCCAGTATCAAACACCCCTATTTGTGTGAGCCGTTCTAATTACAGCTGTCCTTCTCCTACTATCTCTTCCAGTCCTTGCTGCTGGAATTACAATGCTCCTAACAGACCGAAACCTAAACACAACCTTCTTTGACCCTGCAGGTGGAGGAGACCCCATTCTTTACCAGCACTTATTC,0
CCTTTAGCTGGAAACCTAGCCCACGCTGGAGCATCCGTTGACTTAACTATTTTTTCTCTTCACCTAGCAGGAATCTCCTCAATCCTTGGAGCAATCAACTTCATTACTACTATTATTAACATGAAACCTGCGGCTATTTCCCAGTATCAAACACCCCTATTTGTGTGAGCCGTTCTAATTACAGCTGTTCTTCTCCTACTATCTCTTCCAGTCCTTGCTGCTGGAATTACAATGCTCCTAACAGACCGAAACCTAAACACAACCTTCTTTGACCCTGCAGGTGGAGGAGAC,0
CCTTTAGCTGGAAACCTAGCCCATGCTGGAGCATCCGTTGACTTAACTATTTTTTCTCTTCACCTAGCAGGAATCTCCTCAATCCTTGGAGCAATCAACTTCATTACTACTATTATTAACATGAAACCTGCGGCTATTTCCCAGTATCAAACACCCCTATTTGTGTGAGCCGTCCTAATTACAGCTGTCCTTCTCCTACTATCTCTTCCAGTCCTTGCTGCTGGAATTACAATGCTCCTAACAGACCGAAACCTAAACACAACCTTCTTTGACCCTGCAGGTGGAGGAGAC,0
CCTTTAGCTGGTAACCTAGCCCATGCTGGAGCATCCGTTGACTTAACTATTTTCTCTCTTCACCTAGCAGGAGTCTCCTCAATCCTTGGAGCAATTAACTTCATTACAACTATTATTAACATGAAACCTGCGGCCATTTCCCAGTATCAAACACCCCTATTTGTGTGAGCCGTTCTAATTACAGCTGTCCTTCTCCTTCTATCTCTTCCAGTCCTCGCTGCTGGAATTACAATGCTCCTAACAGACCGAAACCTAAACACAACCTTCTTTGACCCTGCAGGTGGAGGAGACCCCATTCTTTACCAGCACTTA,0
CCTTTAGCTGGAAACCTAGCCCATGCTGGAGCATCCGTCGACTTAACTATTTTTTCTCTTCACCTAGCAGGAATCTCCTCAATCCTTGGAGCAATCAACTTCATTACTACTATTATTAACATGAAACCTGCGGCTATTTCCCAGTATCAAACACCCCTATTTGTGTGAGCCGTCCTAATTACAGCTGTCCTTCTCCTACTATCTCTTCCAGTCCTTGCTGCTGGAATTACAATGCTCCTGACAGACCGAAACCTAAACACAACCTTCTTTGACCCTGCAGGTGGAGGAGACCCCATTCTTTACCAGCACTTATTC,0
CCTTTAGCTGGAAACCTAGCCCATGCTGGAGCATCCGTTGACTTAACTATTTTTTCTCTTCACCTAGCAGGAATCTCCTCAATCCTTGGAGCAATCAACTTCATTACAACTATTATTAACATGAAACCTGCGGCTATTTCCCAGTATCAAACACCCCTATTTGTGTGAGCCGTTCTAATCACAGCTGTCCTTCTCCTACTATCTCTTCCAGTCCTTGCTGCTGGAATTACAATGCTCCTAACAGACCGAAACCTAAACACAACCTTCTTTGACCCTGCAGGTGGAGGAGAC,0
CCTTTAGCTGGAAACCTAGCCCATGCTGGAGCATCCGTTGACTTAACTATTTTTTCTCTTCACCTAGCAGGAATCTCCTCAATCCTTGGAGCAATCAACTTCATTACAACTATTATTAACATGAAACCTGCGGCTATTTCCCAGTATCAAACACCCCTATTTGTGTGAGCCGTTCTAATTACAGCTGTCCTTCTCCTACTATCTCTTCCAGTCCTTGCTGCTGGAATTACAATGCTCCTAACAGACCGAAACCTAAACACAACCTTCTTTGACCCTGCAGGTGGAGGAGACCCCATTCTTTACCAGCACTTATTC,0
CCTTTAGCTGGAAACCTAGCCCATGCTGGAGCATCCGTTGACTTAACTATTTTTTCTCTTCACCTAGCAGGAATCTCCTCAATCCTTGGAGCAATCAACTTCATTACTACTATTATTAACATGAAACCTGCGGCTATTTCCCAGTATCAAACACCCCTATTTGTGTGAGCCGTTCTAATTACAGCTGTCCTTCTCCTACTATCTCTTCCAGTCCTTGCTGCTGGAATTACAATGCTCCTAACAGACCGAAACCTAAACACAACCTTCTTTGACCCTGCAGGTGGAGGAGACCCCATTCTTTACCAGCACTTA,0
CCTTTAGCTGGAAACCTAGCCCATGCTGGAGCATCCGTTGACTTAACTATTTTTTCTCTTCACCTAGCAGGAATCTCCTCAATCCTTGGAGCAATCAACTTCATTACTACTATTATTAACATGAAACCTGCGGCGATTTCCCAGTATCAAACACCCCTATTTGTGTGAGCCGTTCTAATTACAGCTGTCCTTCTCCTACTATCTCTTCCAGTCCTTGCTGCTGGAATTACAATGCTCCTAACAGACCGAAACCTAAACACAACCTTCTTTGACCCTGCAGGTGGAGGAGAC,0
CCTTAGCTGGAAACCTAGCCCATGCTGGAGCATCCGTTGACTTAACTATTTTTTCTCTTCACCTAGCAGGAATCTCCTCAATCCTTGGAGCAATCAACTTCATTACAACTATTATTAACATGAAACCTGCGGCTATTTCCCAGTATCAAACACCCCTATTTGTGTGAGCCGTTCTAATTACAGCTGTCCTTCTCCTACTATCTCTTCCAGTCCTTGCTGCTGGAATTACAATGCTCCTGACAGACCGAAACCTAAACACAACCTTCTTTGACCCTGCAGGTGGAGGAGACCCCATTCTTTACCAGCACTTATTC,0
CCTTTAGCTGGAAACCTAGCCCATGCTGGAGCATCCGTTGACTTAACTATTTTTTCTCTTCACCTAGCAGGAATCTCCTCAATCCTTGGAGCAATCAACTTCATTACAACTATTATTAACATGAAACCTGCGGCTATTTCCCAGTATCAAACACCCCTATTTGTGTGAGCCGTTCTAATTACAGCTGTCCTTCTCCTACTATCTCTTCCAGTCCTTGCTGCTGGAATTACAATGCTCCTAACAGACCGAAACCTAAACACAACCTTCTTTGACCCTGCAGGTGGAGGAGACCCCATTCTTTACCAGCA,0
CCTTTAGCTGGTAACCTAGCCCATGCTGGAGCATCCGTTGACTTAACTATTTTCTCTCTTCACCTAGCAGGAGTCTCTTCAATCCTTGGAGCAATTAACTTCATTACAACTATTATTAACATGAAACCTGCGGCCATTTCCCAGTATCAAACACCCCTATTTGTGTGAGCCGTTCTAATTACAGCTGTCCTTCTCCTTCTATCTCTTCCAGTCCTTGCTGCTGGAATTACAATGCTCCTAACAGACCGAAACCTAAACACAACCTTCTTTGACCCTGCAGGTGGAGGAGACCCCATTCTTTACCAGCACTTA,0
CCTTTAGCTGGAAACCTAGCCCATGCTGGAGCATCCGTTGACTTAACTATTTTTTCTCTTCACCTAGCAGGAATCTCCTCAATCCTTGGAGCAATCAACTTCATTACTACTATTATTAACATGAAACCTGCGGCTATTTCCCAGTATCAAACACCCCTATTTGTATGAGCCGTTCTAATTACAGCTGTCCTTCTCCTACTATCTCTTCCAGTCCTTGCTGCTGGAATTACAATGCTCCTAACAGACCGAAACCTAAACACAACCTTCTTTGACCCTGCAGGTGGAGGAGAC,0
CCTTTAGCTGGAAACCTAGCCCATGCTGGAGCATCCGTTGACTTAACTATTTTTTCTCTTCACCTAGCAGGAATCTCCTCAATCCTTGGAGCAATCAACTTCATTACTACTATTATTAACATGAAACCTGCGGCTATTTCCCAGTATCAAACACCCCTATTTGTGTGAGCCGTCCTAATTACAGCTGTCCTTCTCCTACTATCTCTTCCAGTCCTTGCTGCTGGAATTACAATGCTCCTAACAGACCGAAACCTAAACACAACCTTCTTTGACCCTGCGGGTGGAGGAGACCCCATTCTTTACCAGCACTTA,0
CCTTTAGCTGGAAACCTAGCCCATGCTGGAGCATCCGTTGACTTAACTATTTTTTCTCTTCACCTAGCAGGAATCTCCTCAATCCTTGGAGCAATCAACTTCATTACAACTATTATTAACATGAAACCTGCGGCTATTTCCCAGTATCAAACACCCCTATTTGTGTGAGCCGTTCTAATTACAGCTGTCCTTCTCCTACTATCTCTTCCAGTCCTTGCTGCTGGAATTACAATGCTCCTGACAGACCGAAACCTAAACACAACCTTCTTTGACCCTGCAGGTGGAGGAGAC,0
CCTTTAGCTGGTAACCTAGCCCATGCTGGAGCATCCGTTGACTTAACTATTTTTTCTCTTCACCTAGCAGGAATCTCCTCAATCCTTGGAGCAATTAACTTCATTACAACTATTATTAACATGAAACCTGCGGCCATTTCCCAGTATCAAACACCCCTGTTTGTGTGAGCCGTTCTAATTACAGCCGTCCTTCTCCTCCTATCTCTTCCAGTCCTTGCTGCTGGAATTACAATGCTCCTAACAGACCGAAACCTAAACACAACCTTCTTTGACCCTGCAGGTGGGGGAGACCCCATTCTTTACCAGCAACTT,0
CCTTTAGCTGGAAACCTAGCCCATGCTGGAGCATCCGTTGACTTAACCATTTTTTCTCTTCACCTAGCAGGAATCTCCTCAATCCTTGGAGCAATCAACTTCATTACTACTATTATTAACATGAAACCTGCGGCTATTTCCCAGTATCAAACACCCCTATTTGTGTGAGCCGTTCTAATTACAGCTGTCCTTCTCCTACTATCTCTTCCAGTCCTTGCTGCTGGAATTACAATGCTCCTAACAGACCGAAACCTAAACACAACCTTCTTTGACCCTGCAGGTGGAGGAGAC,0
CCTTTAGCTGGAAACCTAGCCCATGCTGGAGCATCCGTTGACTTAACTATTTTTTCTCTTCACCTAGCAGGAATCTCCTCAATCCTTGGAGCAATCAACTTCATTACAACTATTATTAACATGAAACCTGCGGCTATTTCCCAGTATCAAACACCCCTATTTGTGTGAGCCGTTCTAATTACAGCTGTCCTTCTCCTACTATCTCTTCCAGTCCTTGCTGCTGGAATTACAATGCTCCTAACAGACCGAAACCTAAACACAACCTTCTTTGACCCTGCAGGTGGAGGAGACCCCATTCTTTACCAGC,0
CCTTTAGCTGGAAACCTAGCCCATGCTGGAGCATCCGTTGACTTAACTATTTTTTCTCTTCACCTAGCAGGAATCTCCTCAATCCTTGGAGCAATCAACTTCATTACAACTATTATTAACATGAAACCTGCGGCTATTTCCCAGTATCAAACACCCCTATTTGTGTGAGCCGTTCTAATTACAGCTGTCCTTCTCCTTCTATCTCTTCCAGTCCTTGCTGCTGGAATTACAATGCTCCTAACAGACCGAAACCTAAACACAACCTTCTTTGACCCTGCAGGTGGAGGAGACCCCATTCTTTACCAGCACTTA,0
CCTTTAGCTGGTAACCTAGCCCATGCTGGAGCATCCGTTGACTTAACTATTTTCTCTCTTCACCTAGCAGGAGTCTCCTCAATCCTTGGAGCAATTAACTTCATTACAACTATTATTAACATGAAACCTGCGGCCATTTCCCAGTATCAAACACCCCTATTTGTGTGAGCCGTTCTAATTACAGCTGTCCTTCTCCTTCTATCTCTTCCAGTCCTTGCTGCTGGAATTACAATGCTCCTAACAGACCGAAACCTAAACACAACCTTCTTTGACCCTGCAGGGGGAGGAGACCCCATTCTTTACCAGCACTTA,0
CCTTTAGCTGGAAACCTAGCCCATGCTGGAGCATCCGTTGACTTAACTATTTTTTCTCTTCACCTAGCAGGAATCTCCTCAATCCTTGGAGCAATCAACTTCATTACTACTATTATTAACATGAAACCTGCGGCTATTTCCCAGTATCAAACACCCCTATTTGTGTGAGCCGTCCTAATTACAGCTGTCCTTCTCCTACTATCTCTTCCAGTCCTTGCTGCTGGAATTACAATGCTCCTAACAGACCGAAACCTAAACACAACCTTCTTTGACCCTGCAGGTGGAGGAGACCCCATTCTTTACCAGCACTTATTC,0
CCTTTAGCTGGAAACCTAGCCCATGCTGGAGCATCCGTTGACTTAACTATTTTTTCTCTTCACCTAGCAGGAATCTCCTCAATCCTTGGGGCAATCAACTTCATTACTACTATTATTAACATGAAACCTGCGGCTATTTCCCAGTATCAAACACCCCTATTTGTGTGAGCCGTTCTAATTACAGCTGTCCTTCTCCTACTATCTCTTCCAGTCCTTGCTGCTGGAATTACAATGCTCCTAACAGACCGAAACCTAAACACAACCTTCTTTGACCCTGCAGGTGGAGGAGAC,0
CCTTTAGCTGGAAACCTAGCCCATGCTGGAGCATCCGTTGACTTAACTATTTTTTCTCTTCACCTAGCAGGAATCTCCTCAATCCTTGGAGCAATCAACTTCATTACTACTATTATTAACATGAAACCTGCGGCTATTTCCCAATATCAAACACCCCTATTTGTGTGAGCCGTTCTAATTACAGCTGTCCTTCTCCTACTATCTCTTCCAGTCCTTGCTGCTGGAATTACAATGCTCCTAACAGACCGAAACCTAAACACAACCTTCTTTGACCCTGCAGGTGGAGGAGAC,0
CCTTTAGCTGGAAACCTAGCCCATGCTGGAGCATCCGTTGACTTAACTATTTTTTCTCTTCACCTAGCAGGAATCTCCTCAATCCTTGGAGCAATCAACTTCATTACTACTATTATTAACATGAAACCTGCGGCTATTTCCCAGTATCAAACACCCCTATTTGTGTGAGCCGTTCTAATTACAGCTGTCCTTCTCCTACTATCTCTTCCAGTCCTTGCTGCTGGAATTACAATGCTCCTAACAGACCGAAACCTAAACACAACCTTCTTTGACCCTGCAGGTGGAGGAGACCCCATTCTTTACCAGCACTTATT,0
CCTTTAGCTGGAAACCTAGCCCATGCTGGAGCATCCGTTGACTTAACTATTTTTTCTCTCCACCTAGCAGGAATCTCCTCAATCCTTGGAGCAATCAACTTCATTACAACCATTATTAACATGAAACCTGCGGCTATTTCCCAGTATCAAACACCCCTATTTGTGTGAGCCGTTCTAATCACAGCTGTCCTTCTCCTACTATCTCTTCCAGTCCTTGCTGCTGGAATTACAATGCTCCTAACAGACCGAAACCTAAACACAACCTTCTTTGACCCTGCAGGTGGAGGAGAC,0
CCTTTAGCTGGAAACCTAGCCCATGCTGGAGCATCCGTTGACTTAACTATTTTTTCTCTTCACCTAGCAGGAATCTCCTCAATCCTTGGAGCAATCAACTTCATTACTACTATTATTAACATGAAACCTGCGGCTATTTCCCAGTATCAAACACCCCTATTTGTGTGAGCCGTTCTAATTACAGCTGTCCTTCTCCTGCTATCTCTTCCAGTCCTTGCTGCTGGAATTACAATGCTCCTAACAGACCGAAACCTAAACACAACCTTCTTTGACCCTGCAGGTGGAGGAGAC,0
CCTTTAGCTGGTAACCTAGCCCATGCTGGAGCATCCGTTGACTTAACTATTTTCTCTCTTCACCTAGCAGGAGTCTCCTCAATCCTTGGAGCAATTAACTTCATTACAACTATTATCAACATGAAACCTGCGGCCATTTCCCAGTATCAAACACCCCTATTTGTGTGAGCCGTTCTAATTACAGCTGTCCTTCTCCTTCTATCTCTTCCAGTCCTCGCTGCTGGAATTACAATGCTCCTAACAGACCGAAACCTAAACACAACCTTCTTTGACCCTGCAGGTGGAGGAGACCCCATTCTTTACCAGCACTTA,0
CCTTTAGCTGGAAACCTAGCCCATGCTGGAGCATCCGTTGACTTAACTATTTTTTCTCTTCACCTAGCAGGAATCTCCTCAATCCTTGGAGCAATCAACTTCATTACTACTATTATTAACATGAAACCTGCGGCTATTTCCCAGTATCAAACACCCCTATTTGTGTGAGCCGTCCTAATTACAGCTGTCCTTCTCCTACTATCTCTTCCAGTCCTTGCTGCTGGAATTACAATGCTCCTAACAGACCGAAACCTAAACACAACCTTCTTTGACCCTGCAGGTGGAGGAGACCCCATTCTTTACCAGCACTTA,0
CCTTTAGCTGGAAACCTAGCCCACGCTGGAGCATCCGTTGACTTAACTATTTTTTCTCTTCACCTAGCAGGAATCTCCTCAATCCTTGGAGCAATCAACTTCATTACTACTATTATTAACATGAAACCTGCGGCTATTTCCCAGTATCAAACACCCCTATTTGTGTGAGCCGTTCTAATTACAGCTGTTCTTCTCCTACTATCTCTTCCAGTCCTTGCTGCTGGAATTACAATGCTCCTAACAGACCGAAACCTAAACACAACCTTCTTTGACCCTGCAGGTGGAGGAGACCCCATTCTTTACCAGCACTTATTC,0
CCTTTAGCTGGAAACCTAGCCCATGCTGGAGCATCCGTTGACTTAACTATTTTTTCTCTTCACCTAGCAGGAATCTCCTCAATCCTTGGAGCAATCAACTTCATTACAACTATTATTAACATGAAACCTGCGGCTATTTCCCAGTATCAAACACCCCTATTTGTGTGAGCCGTTCTAATTACAGCTGTCCTTCTCCTACTATCTCTTCCAGTCCTTGCTGCTGGAATTACAATGCTCCTTACAGACCGAAACCTAAACACAACCTTCTTTGACCCTGCAGGTGGAGGAGAC,0
CCTTTAGCTGGAAACCTAGCCCATGCTGGAGCATCCGTTGACTTAACTATTTTTTCTCTTCACCTAGCAGGAGTCTCCTCAATCCTTGGAGCAATCAACTTCATTACAACCATTATTAACATGAAACCTGCGGCTATTTCCCAGTATCAAACACCCCTATTTGTGTGAGCCGTTCTAATCACAGCTGTCCTTCTCCTACTATCTCTTCCAGTCCTTGCTGCTGGAATTACAATGCTCCTAACAGACCGAAACCTAAACACAACCTTCTTTGACCCTGCAGGTGGAGGAGAC,0
CCTTTAGCTGGAAACCTAGCCCATGCTGGAGCATCCGTTGACTTAACTATTTTTTCTCTTCACCTAGCAGGAATCTCCTCAATCCTTGGAGCAATCAACTTCATTACTACTATTATTAACATGAAACCTGCGGCTATTTCCCAGTATCAAACACCCCTATTTGTGTGAGCCGTTCTAATTACAGCTGTCCTTCTCCTACTATCTCTCCCAGTCCTTGCTGCTGGAATTACAATGCTCCTAACAGACCGAAACCTAAACACAACCTTCTTTGACCCTGCAGGTGGAGGAGAC,0
CCTTTAGCTGGAAACCTAGCCCATGCTGGAGCATCCGTTGACTTAACTATTTTTTCTCTTCACCTAGCTGGAATCTCCTCAATCCTTGGAGCAATCAACTTCATTACAACCATTATTAACATGAAACCTGCGGCTATTTCCCAGTATCAAACACCCCTATTTGTGTGAGCCGTTCTAATCACAGCTGTCCTTCTCCTACTATCTCTTCCAGTCCTTGCTGCTGGAATTACAATGCTCCTAACAGACCGAAACCTAAACACAACCTTCTTTGACCCTGCAGGTGGAGGAGAC,0
CCTTTAGCTGGAAACCTAGCCCATGCTGGAGCATCCGTTGACTTAACTATTTTTTCTCTTCACCTAGCAGGAATCTCCTCAATCCTTGGAGCAATCAACTTCATTACTACTATTATTAACATGAAACCTGCGGCTATTTCCCAGTATCAAACACCCCTATTTGTGTGAGCCGTTCTAATTACAGCTGTCCTTCTCCTACTATCTCTTCCAGTCCTTGCTGCTGGAATTACAATGCTCCTAACAGACCGAAACCTAAACACAACCTTCTTTGACCCTGCAGGTGGAGGAGACCCCATTCTTTACCAGCACTTAT,0
CCTTTAGCTGGAAACCTAGCCCATGCTGGAGCATCCGTTGACTTAACTATTTTTTCTCTTCACCTAGCAGGAATCTCCTCAATCCTTGGAGCAATCAACTTCATTACAACTATTATTAACATGAAACCTGCGGCTATTTCCCAGTATCAAACACCCCTATTTGTGTGAGCCGTTCTAATTACAGCTGTCCTTCTCCTACTATCTCTTCCAGTCCTTGCTGCTGGAATTACAATGCTCCTAACAGACCGAAACCTAAACACAACCTTCTTTGACCCTGCAGGTGGAGGAGATCCCATTCTTTACCAGCACTTA,0
CCTTAGCTGGAAACCTAGCCCATGCTGGAGCATCCGTTGACTTAACTATTTTTTCTCTTCACCTAGCAGGAATCTCCTCAATCCTTGGAGCAATCAACTTCATTACAACTATTATTAACATGAAACCTGCGGCTATTTCCCAGTATCAAACACCCCTATTTGTGTGAGCCGTTCTAATTACAGCTGTCCTTCTCCTTCTATCTCTCCCAGTCCTTGCTGCTGGAATTACAATGCTCCTGACAGACCGAAACCTAAACACAACCTTCTTTGACCCTGCAGGTGGAGGAGACCCCATTCTTTACCAGCA,0
CCTTTAGCTGGAAACCTAGCCCATGCTGGAGCATCCGTTGACTTAACTATTTTTTCTCTTCACCTAGCAGGAATCTCCTCAATCCTTGGAGCAATCAACTTCATTACAACTATTATTAACATGAAACCTGCGGCTATTTCCCAGTATCAAACACCCCTATTTGTGTGAGCCGTTCTAATTACAGCTGTCCTTCTCCTACTATCTCTCCCAGTCCTTGCTGCTGGAATTACAATGCTCCTAACAGACCGAAACCTAAACACAACCTTCTTTGACCCTGCAGGTGGAGGAGAC,0
CCTCTAGCTGGAAACCTAGCCCATGCTGGAGCATCCGTCGACTTAACTATTTTTTCTCTTCACCTAGCAGGAATCTCCTCAATCCTTGGAGCAATCAACTTCATTACTACTATTATTAACATGAAACCTGCGGCTATTTCCCAGTATCAAACACCCCTATTTGTGTGAGCCGTCCTAATTACAGCTGTCCTTCTCCTACTATCTCTTCCAGTCCTTGCTGCTGGAATTACAATGCTCCTGACAGACCGAAACCTAAACACAACCTTCTTTGACCCTGCAGGTGGAGGAGAC,0
CCTTTAGCTGGAAACCTAGCCCATGCTGGAGCATCCGTTGACTTAACTATTTTTTCTCTTCACCTAGCAGGAATCTCCTCAATCCTTGGAGCAATCAACTTCATTACAACTATTATTAACATGAAACCTGCGGCTATTTCCCAGTATCAAACACCCCTATTTGTGTGAGCCGTTCTAATTACAGCTGTCCTTCTCCTACTATCTCTTCCAGTCCTTGCTGCTGGAATTACAATGCTCCTAACAGACCGAAACCTAAACACAACCTTCTTTGACCCCGCAGGTGGAGGAGAC,0
CCTTTAGCTGGAAACCTAGCCCATGCTGGAGCATCCGTTGACTTAACTATTTTTTCTCTTCACCTAGCAGGAATCTCCTCAATCCTTGGAGCAATCAACTTCATTACTACTATTATTAACATGAAACCTGCGGCTATTTCCCAGTATCAAACACCCCTATTTGTGTGAGCCGTTCTAATTACAGCTGTCCTTCTCCTACTATCTCTTCCAGTCCTTGCTGCTGGAATTACAATGCTCCTAACAGACCGAAACCTAAACACAACCTTCTTTGACCCTGCAGGTGGAGGAGACCCCATTCTTTACCAGCACTTATTC,0
CCTTTAGCTGGAAACCTAGCCCATGCTGGAGCATCCGTTGACTTAACTATTTTTTCTCTTCACCTAGCGGGAATCTCCTCAATCCTTGGAGCAATCAACTTCATTACTACTATTATTAACATGAAACCTGCGGCTATTTCCCAGTATCAAACACCCCTATTTGTGTGAGCCGTCCTAATTACAGCTGTCCTTCTCCTACTATCTCTTCCAGTCCTTGCTGCTGGAATTACAATGCTCCTAACAGACCGAAACCTAAACACAACCTTCTTTGACCCTGCAGGTGGAGGAGAC,0
ACTTGCTGGTAATCTAGCCCATGCGGGAGCTTCGGTAGATCTAACAATTTTTTCTCTTCACCTTGCGGGAATCTCCTCTATTCTAGGGGCAATCAATTTTATCACAACTATTATTAATATGAAGCCTCCAGCCATCTCCCAGTACCAGACCCCCTTATTCGTCTGAGCCGTTCTGATCACGGCCGTCCTTCTTCTCCTTTCCCTCCCAGTACTAGCTGCTGGGATTACCATGCTTCTGACAGACCGAAACCTGAACACTACTTTCTTTGACCCTGCTGGGGGAGGAGACCCCATTCTGTATCAGCATTTATTC,1
ACTTGCTGGTAATCTAGCCCATGCGGGAGCTTCAGTAGATCTAACAATTTTTTCTCTTCACCTTGCGGGAATCTCCTCTATTCTAGGGGCAATCAATTTTATTACAACTATTATTAATATGAAGCCTCCAGCCATCTCCCAGTACCAGACCCCCTTATTCGTCTGAGCCGTTCTGATCACGGCCGTCCTTCTTCTCCTTTCCCTCCCAGTACTAGCTGCTGGGATTACCATGCTTCTGACAGACCGAAACCTGAACACTACTTTCTTTGACCCTGCCGGGGGAGGAGACCCCATTCTGTATCAGCATTTATTC,1
ACTTGCTGGTAACCTAGCCCATGCGGGAGCTTCGGTAGATCTAACAATTTTTTCTCTTCACCTTGCGGGAATCTCCTCTATTCTAGGGGCAATCAATTTTATTACAACTATTATTAATATGAAGCCTCCAGCCATCTCCCAGTACCAGACCCCCTTATTCGTCTGAGCCGTTCTGATCACGGCCGTCCTTCTTCTCCTTTCCCTCCCAGTACTAGCTGCTGGGATTACCATGCTTCTGACAGACCGAAACCTGAACACTACTTTCTTTGACCCTGCTGGGGGAGGAGACCCCATTCTGTATCAGCATTTATTC,1
ACTTGCTGGTAATCTAGCCCATGCGGGAGCTTCGGTAGATCTAACAATTTTTTCTCTTCACCTTGCGGGAATCTCCTCTATTCTAGGGGCAATCAATTTTATTACAACTATTATTAATATGAAGCCTCCAGCCATCTCCCAGTACCAGACCCCCTTATTCGTCTGAGCCGTTCTGATCACGGCCGTCCTTCTTCTCCTTTCCCTCCCAGTACTAGCTGCTGGGATTACCATGCTTCTGACAGACCGAAACCTGAACACTACTTTCTTTGACCCTGCTGGGGGAGGAGACCCCAT,1
ACTTGCTGGTAATCTAGCCCATGCTGGAGCTTCGGTAGATCTAACAATTTTTTCTCTTCACCTTGCGGGAATCTCCTCTATTCTAGGGGCAATCAATTTTATTACAACTATTATTAATATGAAGCCTCCAGCCATCTCCCAGTACCAGACCCCCTTATTCGTCTGAGCCGTTCTGATCACGGCCGTCCTTCTTCTCCTTTCCCTCCCAGTACTAGCTGCTGGGATTACCATGCTTCTGACAGACCGAAACCTGAACACTACTTTCTTTGACCCTGCTGGGGGAGGAGACCCCATTCTGTATCAGCATTTA,1
ACTTGCTGGTAATCTAGCCCATGCGGGAGCTTCGGTAGATCTAACAATTTTTTCTCTTCACCTTGCGGGAATCTCCTCTATTCTAGGGGCAATCAATTTTATTACAACTATTATTAATATGAAGCCTCCAGCCATCTCCCAGTACCAGACCCCCTTATTCGTCTGAGCCGTTCTGATCACGGCCGTCCTTCTTCTCCTTTCCCTCCCAGTACTAGCTGCTGGGATTACCATGCTTCTGACAGACCGAAACCTGAACACTACTTTCTTTGATCCTGCTGGGGGAGGAGACCCCATTCTGTATCAGCATTTATTC,1
ACTTGCTGGTAATCTAGCCCATGCTGGAGCTTCGGTAGATCTAACAATTTTTTCTCTTCACCTTGCGGGAATCTCCTCTATTCTAGGGGCAATCAATTTTATTACAACTATTATTAATATGAAGCCTCCAGCCATCTCCCAGTACCAGACCCCCTTATTCGTCTGAGCCGTTCTGATCACGGCCGTCCTTCTTCTCCTTTCCCTCCCAGTACTAGCTGCTGGGATTACCATGCTTCTGACAGACCGAAACCTGAACACTACTTTCTTTGACCCTGCTGGGGGAGGAGACCC,1
ACTTGCTGGTAATCTAGCCCATGCGGGAGCTTCGGTAGATCTAACAATTTTTTCTCTTCACCTTGCGGGAATCTCCTCTATTCTAGGGGCAATCAATTTTATTACAACTATTATTAATATGAAGCCTCCAGCCATCTCCCAGTACCAGACCCCCTTATTCGTCTGAGCCGTTCTGATCACGGCCGTCCTTCTTCTCCTTTCCCTCCCAGTACTAGCTGCTGGGATTACTATGCTTCTGACAGACCGAAACCTGAACACTACTTTCTTTGACCCTGCTGGGGGAGGAGACCCCATTCTG,1
ACTTGCTGGCAATTTGGCCCACGCGGGAGCTTCCGTAGATTTAACAATTTTCTCTCTTCACCTTGCGGGGATCTCCTCTATTCTCGGGGCAATTAACTTTATTACAACCATTATTAATATGAAGCCTCCTGCCATCTCCCAGTACCAGACCCCCTTATTTGTCTGAGCCGTCCTGATTACGGCCGTCCTTCTTCTCCTTTCCCTCCCAGTACTGGCTGCTGGGATTACTATACTTCTAACAGACCGAAACCTAAACACTACTTTCTTTGACCCTGCCGGAGGAGGGGACCCCATCCTGTATCAGCATCTAT,1
ACTTGCTGGTAATCTAGCCCATGCGGGAGCTTCGGTAGATCTAACAATTTTTTCTCTTCACCTTGCGGGAATCTCCTCTATTCTAGGGGCAATCAATTTTATTACAACTATTATTAATATGAAGCCTCCAGCCATCTCCCAGTACCAGACCCCCTTATTCGTCTGAGCCGTTCTGATCACGGCCGTCCTTCTTCTCCTTTCCCTCCCAGTACTAGCTGCTGGGATTACCATGCTTCTGACAGACCGAAACCTGAACACTACTTTCTTTGACCCTGCTGGGGGAGGAG,1
ACTTGCTGGTAATCTAGCCCATGCGGGAGCTTCGGTAGATCTAACAATTTTTTCTCTTCACCTTGNCGGGAATCTCCTCTATTACTAGGGGCAATCAATTTTATTACAACTATTATTAATATGAAGCCTCCAGCCATCTCCCAGNTACCAGACCCCCTTATTCGTACTGAGCCGTTACTGATACACGGCCGTCCTTCTTCTCCTTTCCCTACACCAGTACTAGCTGCTGGGATTACCATGCTTACTGACAGACCGAAACCTAAACACTACTTTCTTTGANCCCTGCTGGGGGGAGGAGACCCCATTCTGTATCNAGCATTTATT,1
ACTTGCTGGTAATCTAGCCCATGCGGGAGCTTCGGTAGATCTAACAATTTTTTCTCTTCACCTTGCGGGAATCTCCTCTATTCTAGGGGCAATCAATTTTATTACAACTATTATTAATATGAAGCCTCCAGCCATCTCCCAGTACCAGACCCCCTTATTCGTCTGAGCCGTTCTGATCACGGCCGTCCTTCTTCTCCTTTCCCTCCCAGTACTAGCTGCTGGGATTACCATGCTTCTGACAGACCGAAACCTGAACACTACTTTCTTTGACCCTGCTGGGGGAGGAGACCCCATTCT,1
ACTTGCTGGTAATCTAGCCCATGCGGGAGCTTCGGTAGATCTGACAATTTTTTCTCTTCACCTTGCGGGAATCTCCTCTATTCTAGGGGCAATCAATTTTATTACAACTATTATTAATATGAAGCCTCCAGCCATCTCCCAGTACCAGACCCCCTTATTCGTCTGAGCCGTTCTGATCACGGCCGTCCTTCTTCTCCTTTCCCTCCCAGTACTAGCTGCTGGGATTACCATGCTTCTGACAGACCGAAACCTGAACACTACTTTCTTTGACCCTGCTGGGGGAGGAGACCCCATTCTGTACCAGCATTTATTC,1
ACTTGCTGGTAATCTAGCCCATGCTGGAGCTTCGGTAGATCTAACAATTTTTTCTCTTCACCTTGCGGGAATCTCCTCTATTCTAGGGGCAATCAATTTTATTACAACTATTATTAATATGAAGCCTCCAGCCATCTCCCAGTACCAGACCCCCTTATTCGTCTGAGCCGTTCTGATCACGGCCGTCCTTCTTCTCCTTTCCCTCCCAGTACTAGCTGCTGGGATTACCATGCTTCTGACAGACCGAAACCTGAACACTACTTTCTTTGACCCTGCTGGGGGAGGAGACCCCATTCTG,1
ACTTGCTGGTAATCTAGCCCATGCGGGAGCTTCGGTAGATCTAACAATTTTTTCTCTTCACCTTGCGGGAATCTCCTCTATTCTAGGGGCAATCAATTTTATTACAACTATTATTAATATGAAGCCTCCAGCCATCTCCCAGTACCAGACCCCCTTATTCGTCTGAGCCGTTCTGATCACGGCCGTCCTTCTTCTCCTTTCCCTCCCAGTACTAGCTGCTGGGATTACCATGCTTCTGACAGACCGAAACCTGAACACTACTTTCTTTGACCCTGCTGGGGGAGGAGACCCCNATTCTGTATNCAGCATYTATTC,1
ACTTGCTGGTAATCTAGCCCATGCGGGAGCTTCGGTAGATCTAACAATTTTTTCTCTTCACCTTGCGGGAATCTCCTCTATTCTAGGGGCAATCAATTTTATTACAACTATTATTAATATGAAGCCTCCAGCCATCTCCCAGTACCAGACCCCCTTATTCGTCTGAGCCGTTCTGATCACGGCCGTCCTTCTTCTCCTTTCCCTCCCAGTACTAGCTGCTGGGATTACCATGCTTCTGACAGACCGAAACCTGAACACTACTTTCTTTGACCCTGCTGGGGGAGGAGACCCCATTCTGTATCAGCAT,1
ACTTGCTGGTAATCTAGCCCATGCGGGAGCTTCGGTAGATCTAACAATTTTTTCTCTTCACCTTGCGGGAATCTCCTCTATTCTAGGGGCAATCAATTTTATTACAACTATTATTAATATGAAGCCTCCAGCCATCTCCCAGTACCAGACCCCCTTATTCGTCTGAGCCGTTCTGATCACGGCCGTCCTTCTTCTCCTTTCCCTCCCAGTACTAGCTGCTGGGATTACCATGCTTCTGACAGACCGAAACCTGAACACTACTTTCTTTGACCCTGCTGSGGGAGGAGACCCCAT,1
ACTTGCTGGTAATCTAGCCCATGCGGGAGCTTCGGTAGATCTAACAATTTTTTCTCTTCACCTTGCGGGAATCTCCTCTATTCTAGGGGCAATCAATTTTATTACAACTATTATTAATATGAAGCCTCCAGCCATCTCCCAGTACCAGACCCCCTTATTCGTCTGAGCCGTTCTGATCACGGCCGTCCTTCTTCTCCTTTCCCTCCCAGTACTAGCTGCTGGGATTACTATGCTTCTGACAGACCGAAACCTGAACACTACTTTCTTTGACCCTGCTGGGGGAGGAGACCCCAT,1
ACTTGCTGGTAATCTAGCCCATGCGGGAGCTTCAGTAGATCTAACAATTTTTTCTCTTCACCTTGCGGGAATCTCCTCTATTCTAGGGGCAATCAATTTTATTACAACTATTATTAATATGAAGCCTCCAGCCATCTCCCAGTACCAGACCCCCTTATTCGTCTGAGCCGTTCTGATCACGGCCGTCCTTCTTCTCCTTTCCCTCCCAGTACTAGCTGCTGGGATTACCATGCTTCTGACAGACCGAAACCTGAACACTACTTTCTTTGACCCTGCCGGGGGAGGGGACCCCATTCTGTATCAGCATTTATTC,1
ACTTGCTGGTAATCTAGCCCATGCTGGAGCTTCGGTAGATCTAACAATTTTTTCTCTTCACCTTGCGGGAATCTCCTCTATTCTAGGGGCAATCAATTTTATTACAACTATTATTAATATGAAGCCTCCAGCCATCTCCCAGTACCAGACCCCCTTATTCGTCTGAGCCGTTCTGATCACGGCCGTCCTTCTTCTCCTTTCCCTCCCAGTACTAGCTGCTGGGATTACCATGCTTCTGACAGACCGAAACCTGAACACTACTTTC,1
ACTTGCTGGTAATCTAGCCCATGCTGGAGCTTCGGTAGATCTAACAATTTTTTCTCTTCACCTTGCGGGAATCTCCTCTATTCTAGGGGCAATCAATTTTATTACAACTATTATTAATATGAAGCCTCCAGCCATCTCCCAGTACCAGACCCCCTTATTCGTCTGAGCCGTTCTGATCACGGCCGTCCTTCTTCTCCTTTCCCTCCCAGTACTAGCTGCTGGGATTACCATGCTTCTGACAGACCGAAACCTGAACACTACTTTCTTTGACCCTGCTGGGGGAGGAGACCCCATTC,1
ACTTGCTGGTAATCTAGCCCATGCGGGAGCTTCGGTAGATCTGACAATTTTTTCTCTTCACCTTGCGGGAATCTCCTCTATTCTAGGGGCAATCAATTTTATTACAACTATTATTAATATGAAGCCTCCAGCCATCTCCCAGTACCAGACCCCCTTATTCGTCTGAGCCGTTCTGATCACGGCCGTCCTTCTTCTCCTTTCCCTCCCAGTACTAGCTGCTGGGATTACCATGCTTCTGACAGACCGAAACCTGAACACTACTTTCTTTGACCCTGCTGGGGGAGGAGACCCCATTCT,1
ACTTGCTGGTAATCTAGCCCATGCTGGAGCTTCGGTAGATCTAACAATTTTTTCTCTTCACCTTGCGGGAATCTCCTCTATTCTAGGGGCAATCAATTTTATTACAACTATTATTAATATGAAGCCTCCAGCCATCTCCCAGTACCAGACCCCCTTATTCGTCTGAGCCGTTCTGATCACGGCCGTCCTTCTTCTCCTTTCCCTCCCAGTACTAGCTGCTGGGATTACCATGCTTCTGACAGACCGAAACCTGAACACTACT,1
ACTTGCTGGTAATCTAGCCCATGCGGGAGCTTCGGTAGATCTAACAATTTTTTCTCTTCACCTTGCGGGAATCTCCTCTATTCTAGGGGCAATCAATTTTATTACAACTATTATTAATATGAAGCCTCCAGCCATCTCCCAGTACCAGACCCCCTTATTCGTCTGAGCCGTTCTGATCACGGCCGTCCTTCTTCTCCTTTCCCTCCCAGTACTAGCTGCTGGGATTACCATGCTTCTGACAGACCGAAACCTGAACACTACTTTCTTTGACCCTGCTGGGGGAGGAGACC,1
ACTTGCTGGTAATCTAGCCCATGCGGGAGCTTCGGTAGATCTAACAATTTTTTCTCTTCACCTTGCGGGAATCTCCTCTATTCTAGGGGCAATCAATTTTATTACAACTATTATTAATATGAAGCCTCCAGCCATCTCCCAGTACCAGACCCCCTTATTCGTCTGAGCCGTTCTGATCACGGCCGTCCTTCTTCTCCTTTCCCTCCCAGTACTAGCTGCTGGGATTACCATGCTTCTGACAGACCGAAACCTGAACACTACTTTCTTTGACCCTGCTGGGGGAGGGGACCCCATTCTGTATCAGCATTTATTC,1
ACTTGCTGGTAATCTAGCCCATGCGGGAGCTTCGGTAGATCTAACAATTTTTTCTCTTCACCTTGCGGGAATCTCCTCTATTCTAGGGGCAATCAATTTTATTACAACTATTATTAATATGAAGCCTCCAGCCATCTCCCAGTACCAGACCCCCTTATTCGTCTGAGCCGTTCTGATCACGGCCGTCCTTCTTCTCCTTTCCCTCCCAGTACTAGCTGCTGGGATTACCATGCTTCTGACAGACCGAAACCTGAACACTACTTTCTTTGACCCTGCTGGGGGAGGAGACCCCATTCTGTATCAG,1
ACTTGCTGGTAATCTAGCCCATGCTGGAGCTTCGGTAGATCTAACAATTTTTTCTCTTCACCTTGCGGGAATCTCCTCTATTCTAGGGGCAATCAATTTTATTACAACTATTATTAATATGAAGCCTCCAGCCATCTCCCAGTACCAGACCCCCTTATTCGTCTGAGCCGTTCTGATCACGGCCGTCCTTCTTCTCCTTTCCCTCCCAGTACTAGCTGCTGGGATTACCATGCTTCTGACAGACCGAAACCTGAACACTACTTTCTTTGACCCTGCTGGGGGAGGAGACCCCATTCTGTATCA,1
ACTTGCTGGTAATCTAGCCCATGCAGGAGCTTCGGTAGATCTAACAATTTTTTCTCTTCACCTTGCGGGAATCTCCTCTATTCTAGGGGCAATCAATTTTATTACAACTATTATTAATATGAAGCCTCCAGCCATCTCCCAGTACCAGACCCCCTTATTCGTCTGAGCCGTTCTGATCACAGCCGTCCTTCTTCTCCTTTCCCTCCCAGTACTAGCTGCTGGGATTACCATGCTTCTGACAGACCGAAACCTGAACACTACTTTCTTCGACCCTGCTGGGGGAGGAGACCCCATTC,1
CCTCTGTCAGGAAATCTGGCCCATGCAGGAGCATCAGTTGACCTAACCATTTTTTCACTTCATCTAGCAGGTATTTCCTCTATTCTAGGGGCCATTAATTTCATTACCACAATTATTAATATGAAACCACCCGCAATCTCACAATACCAAACGCCTCTGTTTGTCTGATCCGTTCTTGTTACAGCTGTTCTACTTCTTCTATCGCTGCCTGTACTAGCTGCCGGAATTACAATGCTTCTTACAGATCGAAACCTAAACACCACCTTCTTC,2
CCATTTTTTCACTTCATCTAGCAGGTATTTCCTCTATTCTAGGGGCCATTAATTTCATTACCACAATTATTAATATGAAACCACCCGCAATCTCACAATACCAAACGCCTCTGTTTGTCTGGTCCGTTCTTGTTACAGCTGTTCTACTTCTTCTATCGCTGCCTGTACTAGCTGCCGGAATTACAATGCTTCTTACAGATCGAAACCTAAACACCACCTTCTTCGACCCAGCAGGAGGGGGAGACCCAATTCTTTACCAACACCTA,2
CCTCTGTCAGGAAATCTGGCCCATGCAGGAGCATCAGTTGACCTAACCATTTTTTCACTTCATCTAGCAGGTATTTCCTCTATTCTAGGGGCCATTAATTTCATTACCACAATTATTAATATGAAACCACCCGCAATCTCACAATACCAGACGCCTCTGTTTGTCTGATCCGTTCTTGTTACAGCTGTTCTACTTCTTCTATCGCTGCCTGTGCTAGCTGCCGGAATTACAATGCTTCTTACAGATCGAAACCTAAACACCACCTTCTTCGACCCAGCAGGAGGGGGAGACCCAATTCTTTACCAACACCTA,2
TCTGTCAGGAAATCTGGCCCATGCAGGAGCATCAGTTGACCTAACCATTTTTTCACTTCATCTAGCAGGTATTTCCTCTATTCTAGGGGCCATTAATTTCATTACCACAATTATTAATATGAAACCACCCGCAATCTCACAATACCAAACGCCTCTGTTTGTCTGATCCGTTCTTGTTACAGCTGTTCTACTTCTTCTATCGCTGCCTGTACTAGCTGCCGGAATTACAATGCTTCTTACAGATCGAAACCTAAACACCACCTTCTTCGACCCAGCAGGAGGGGGAGACCCAATTCTTTACCAACACCTA,2
CCTCTGTCAGGAAATCTGGCCCATGCAGGAGCATCAGTTGACCTAACCATTTTTTCACTTCATCTAGCAGGTATTTCCTCTATTCTAGGGGCCATTAATTTCATTACCACAATTATTAATATGAAACCACCCGCAATCTCACAATACCAAACGCCTCTGTTTGTCTGATCCGTTCTTGTTACAGCTGTTCTACTTCTTCTATCACTGCCTGTACTAGCTGCCGGAATTACAATGCTTCTTACAGATCGAAACCTAAACACCACCTTCTTCGACCCGGCAGGAGGGGGAGACCCAATTCTTTACCAACACCTATTC,2
CCTCTGTCAGGAAATCTGGCCCATGCAGGAGCATCAGTTGACCTAACCATTTTTTCACTTCATCTAGCAGGTATTTCCTCTATTCTAGGGGCCATTAATTTCATTACCACAATTATTAATATGAAACCGCCCGCAATCTCACAATACCAAACGCCTCTGTTTGTCTGATCCGTTCTTGTTACAGCTGTTCTACTTCTTCTATCGCTGCCTGTACTAGCTGCCGGAATTACAATGCTTCTTACAGATCGAAACCTAAACACCACCTTCTTCGACCCAGCAGGAGGGGGAGACCCAATTCTTTACCAACACCTA,2
CCTCTGTCAGGAAATCTGGCCCATGCAGGAGCATCAGTTGACCTAACCATTTTTTCACTTCATCTAGCAGGTATTTCCTCTATTCTAGGGGCCATTAATTTCATTACCACAATTATTAATATGAAACCACCCGCAATCTCACAATACCAAACGCCTCTGTTTGTCTGATCCGTTCTTGTTACAGCTGTTCTACTTCTTCTATCGCTGCCTGTACTAGCTGCCGGAATTACAATGCTTCTTACAGATCGAAACCTAAACACCACCTTCTTCGACCCAGCAGGAGGGGGAGACCCA,2
GGGTATTTCCTCTATTCTAGGGGCCATTAATTTCATTACCACAATTATTAATGTGAAACCACCCGCAATCTCACAATACCAAACGCCTCTGTTTGTCTGATCCGTTCTTGTTACAGCTGTTCTACTTCTTCTATCGCTGCCTGTGCTAGCTGCCGGAATTACAATGCTTCTTACAGATCGAAACCTAAACACCACCTTCTTCGACCCAGCAGGAGGGGGAGACCCAATTCTTTACCAACACCTA,2
CCTCTGTCAGGAAATCTGGCCCATGCAGGAGCATCAGTTGACCTAACCATTTTTTCACTTCATCTAGCAGGTATTTCCTCTATTCTAGGGGCCATTAATTTCATTACCACAATTATTAATATGAAACCACCCGCAATCTCACAATACCAAACGCCTCTGTTTGTCTGATCCGTTCTTGTTACAGCTGTTCTACTTCTTCTTTCGCTGCCTGTGCTAGCTGCCGGAATTACAATGCTTCTCACAGATCGAAACCTAAACACCACCTTCTTCGACCCAGCAGGAGGGGGAGACCCAATTCTTTACCAACACCTA,2
TCTGTCAGGAAATCTGGCCCATGCAGGAGCATCAGTTGACCTAACCATTTTTTCACTTCATCTAGCGGGTATTTCCTCTATTCTAGGGGCCATTAATTTCATTACCACAATTATTAATATGAAACCACCCGCAATCTCACAATACCAAACGCCTCTGTTTGTATGATCCGTTCTTGTTACAGCTGTTCTGCTTCTTCTATCGCTGCCTGTACTAGCTGCCGGAATCACAATGCTTCTTACAGATCGAAACCTAAACACCACCT,2
CCTCTGTCAGGAAATCTGGCCCATGCAGGAGCATCAGTTGACCTAACCATTTTTTCACTTCATCTAGCAGGTATTTCCTCTATTCTAGGGGCCATTAATTTCATTACCACAATTATTAATATGAAACCACCCGCAATCTCACAGTACCAAACGCCTCTGTTTGTCTGATCCGTTCTTGTTACAGCTGTTCTACTTCTTCTATCGCTGCCTGTGCTAGCTGCCGGAATTACAATGCTTCTTACAGATCGAAACCTAAACACCACCTTCTTCGACCCAGCAGGAGGGGGAGACCCAATTCTTTACCAACACCTA,2
CCTCTGTCAGGAAATCTGGCCCATGCAGGAGCATCAGTTGACCTAACCATTTTTTCACTTCATCTAGCAGGTATTTCCTCTATTCTAGGGGCCATTAATTTCATTACCACAATTATTAATATGAAACCACCCGCAATCTCACAATACCAAACGCCTCTGTTTGTCTGATCCGTTCTTGTTACAGCTGTTCTACTTCTTCTATCCCTGCCTGTACTAGCTGCCGGAATTACAATGCTTCTTACAGATCGAAACCTAAACACCACCTTCTTCGACCCAGCAGGAGGGGGAGACCCAATTCTTTACCAACACCTATTC,2
TCTGTCAGGAAATCTGGCCCATGCAGGAGCATCAGTTGACCTAACCATTTTTTCACTTCATCTAGCAGGTATTTCCTCTATTCTAGGGGCCATTAATTTCATTACCACAATTATTAATATGAAACCACCCGCAATCTCACAATACCAAACGCCTCTGTTTGTCTGATCCGTTCTTGTTACAGCTGTTCTACTTCTTCTATCGCTGCCTGTGCTAGCTGCCGGAATTACAATGCTTCTTACAGATCGAAACCTAAACACCACCTTCTTCGACCCAGCAGGAGGGGGAGACCCAATTCTTTACCAACACCTA,2
CCTCTGTCAGGAAATCTGGCCCATGCAGGGGCATCAGTTGACCTAACCATTTTTTCACTTCATCTAGCAGGTATTTCCTCTATTCTAGGGGCCATTAATTTCATTACCACAATTATTAATATGAAACCACCCGCAATCTCACAATACCAAACGCCTCTGTTTGTCTGATCCGTTCTTGTTACAGCTGTTCTACTTCTTCTATCGCTGCCTGTGCTAGCTGCCGGAATTACAATGCTTCTTACAGATCGAAACCTAAACACCACCTTCTTCGACCCAGCAGGAGGGGGAGACCCAATTCTTTACCAACACCTA,2
CCTCTGTCAGGAAATCTGGCCCATGCAGGAGCATCAGTTGACCTAACCATTTTTTCACTTCATCTAGCAGGTATTTCCTCTATTCTAGGGGCCATTAATTTCATTACCACAATTATTAATATGAAACCACCCGCAATCTCACAATACCAAACGCCTCTGTTTGTCTGATCCGTTCTTGTTACAGCTGTTCTACTTCTTCTATCGCTGCCTGTGCTAGCTGCCGGAATTACAATGCTTCTTACAGATCGGAACCTAAACACCACCTTCTTCGACCCAGCAGGAGGGGGAGACCCAATTCTTTACCAACACCTA,2
TCTGTCAGGAAATCTGGCCCATGCAGGAGCATCAGTTGACCTAACCATTTTTTCACTTCATCTAGCAGGTATTTCCTCTATTCTAGGGGCCATTAATTTCATTACCACAATTATTAATATGAAACCACCCGCAATCTCACAATACCAAACGCCTCTGTTTGTCTGATCCGTTCTTGTTACAGCTGTTCTACTTCTTCTATCGCTGCCTGTGCTAGCTGCCGGAATTACAATGCTTCTTACAGATCGAAACCTAAACACCACCTT,2
CCTCTGTCAGGAAATCTGGCCCATGCAGGAGCATCAGTTGACCTAACCATTTTTTCACTTCATCTAGCAGGTATTTCCTCTATTCTAGGGGCCATTAATTTCATTACCACAATTATTAATATGAAACCACCCGCAATCTCACAATACCAAACGCCTCTGTTTGTCTGATCCGTTCTTGTTACAGCTGTTCTACTTCTTCTATCGCTGCCTGTACTAGCTGCCGGAATTACAATGCTTCTTACAGATCGAAACCTAAACACCACCTTCTTCGACCCANCAGGAGGGGGAGACCCAATTCTTTACCAACACCTA,2
TCTGTCAGGAAATCTGGCCCATGCAGGAGCATCAGTTGACCTAACCATTTTTTCACTTCATCTAGCAGGTATTTCCTCTATTCTAGGGGCCATTAATTTCATTACCACAATTATTAATATGAAACCACCCGCAATCTCACAATACCAAACGCCTCTGTTTGTCTGATCCGTTCTTGTCACAGCTGTTCTACTTCTTCTATCGCTGCCTGTACTAGCTGCCGGAATTACAATGCTTCTTACAGACCGAAACCTAAACACCACCTTCTTCGACCCAGCAGGAGGGGGAGACCCAATTCTTTACCAACACCTA,2
CCTCTGTCAGGAAATCTGGCCCATGCAGGAGCATCAGTTGACCTAACCATTTTTTCACTTCATCTAGCAGGTATTTCCTCTATTCTAGGGGCCATTAATTTCATTACCACAATTATTAATATGAAACCACCCGCAATCTCACAATACCAAACGCCTCTGTTTGTCTGATCCGTTCTTGTTACAGCTGTTCTACTTCTTCTATCGCTGCCTGTACTAGCTGCCGGAATTACAATGCTTCTTACAGATCGAAACCTAAACACCACCTTCTTCGACCCAGCA,2
CTGGCCCATGCAGGAGCATCAGTTGACCTAACCATTTTTTCACTTCATCTAGCAGGTATTTCCTCTATTCTAGGGGCCATTAATTTCATTACCACAATTATTAATATGAAACCACCCGCAATCTCACAATACCAAACGCCTCTGTTTGTCTGATCCGTTCTTGTTACAGCTGTTCTACTTCTTCTATCGCTGCCTGTACTAGCTGCCGGAATTACAATGCTTCTTACAGATCGAAACCTAAATACCACCTTCTTCGACCCAGCAGGGGGGGGAGACCCAATTCTTTACCAACACCTA,2
CCTCTGTCAGGAAATCTGGCCCATGCAGGAGCATCAGTTGACCTAACCATTTTTTCACTTCATCTAGCAGGTATTTCCTCTATTCTAGGGGCCATTAATTTCATTACCACAATTATTAATATGAAACCACCCGCAATCTCACAATACCAAACGCCTCTGTTTGTCTGATCCGTTCTTGTTACAGCTGTTCTACTTCTTCTATCGCTGCCTGTGCTAGCTGCCGGAATTACAATGCTTCTTACAGATCGAAACCTAAACACCACCTTCTTCGACCCAGCAGGAGGGGGAGACCCAATTTTTTACCA,2
CCTCTGTCAGGAAATCTGGCCCATGCAGGAGCATCAGTTGACCTAACCATTTTTTCACTTCATCTAGCAGGTATTTCCTCTATTCTAGGGGCCATTAATTTCATTACCACAATTATTAATATGAAACCACCCGCAATCTCACAATACCAAACGCCTCTGTTTGTCTGATCCGTTCTTGTTACAGCTGTTCTACTTCTTCTATCGCTGCCTGTGCTAGCTGCCGGAATTACAATGCTTCTTACAGATCGAAACCTAAACACCACCTTCTT,2
CCTCTGTCAGGAAATCTGGCCCATGCAGGAGCATCAGTTGACCTAACCATTTTTTCACTTCATCTAGCAGGTATTTCCTCTATTCTAGGGGCCATTAATTTCATTACCACAATTATTAATATGAAACCACCCGCAATCTCACAATACCAAACGCCTCTGTTTGTCTGATCCGTTCTTGTTACAGCTGTTCTACTTCTTCTATCGCTGCCTGTACTAGCTGCCGGAATTACAATGCTTCTTACAGATCGAAACCTAAACACCACCTTCTTCGACCCAGCAGGAGGGGGAGA,2
CCTCTGTCAGGAAATCTGGCCCATGCAGGAGCATCAGTTGACCTAACCATTTTTTCACTTCATCTAGCAGGTATTTCCTCTATTCTAGGGGCCATTAATTTCATTACCACAATTATTAATATGAAACCACCCACAATCTCACAATACCAAACGCCTCTGTTTGTCTGATCCGTTCTTGTTACAGCTGTTCTACTTCTTCTATCGCTGCCTGTACTAGCTGCCGGAATTACAATGCTTCTTACAGATCGAAACCTAAATACCACCTTCTTCGACCCAGCAGGGGGGGGAGACCCAATTCTTTACCAACACCTA,2
CCTCTGTCAGGAAATCTGGCCCATGCAGGAGCATCAGTTGACCTAACCATTTTTTCACTTCATCTAGCAGGTATTTCCTCTATTCTAGGGGCCATTAATTTCATTACCACAATTATTAATATGAAACCACCCGCAATCTCACAATACCAAACGCCTCTGTTTGTCTGATCCGTTCTTGTTACAGCTGTTCTACTTCTTCTATCGCTGCCTGTGCTAGCTGCCGGAATTACAATGCTTCTTACAGATCGAAACCTAAACACCACCTTCTTCGACCCGGCAGGGGGGGGAGACCCAATTCTTTACCAACACCTATTC,2
ATCTGGCCCATGCAGGAGCATCAGTTGACCTAACCATTTTTTCACTTCATCTAGCAGGTATTTCCTCTATTCTAGGGGCCATTAATTTCATTACCACAATTATTAATATGAAACCACCCGCAATCTCACAATACCAAACGCCTCTGTTTGTCTGATCCGTTCTTGTTACAGCTGTTCTACTTCTTCTATCGCTGCCTGTGCTAGCTGCCGGAATTACAATGCTTCTTACAGATCGAAACCTAAACACCACCTTCTTCGACCCAGCAGGAGGGGGAGACCCAATTCTTTACCAACACCTA,2
CCTCTGTCAGGAAATCTGGCCCATGCAGGAGCATCAGTTGACCTAACCATTTTTTCACTTCATCTAGCAGGTATTTCCTCTATTCTAGGGGCCATTAATTTCATTACCACAATTATTAATATGAAACCACCCGCAATCTCACAATACCAAACGCCTCTGTTTGTCTGATCCGTTCTTGTTACAGCTGTTCTACTTCTTCTATCGCTGCCTGTGCTAGCTGCCGGAATTACAATGCTTCTTACAGATCGAAACCTAAACACCACCTTCTTCGACCCAGCAGGAGGGGGAGACCCAA,2
CCTCTGTCAGGAAATCTGGCCCATGCAGGAGCATCAGTTGACCTAACCATTTTTTCACTTCATCTAGCAGGTATTTCCTCTATTCTAGGGGCCATTAATTTCATTACCACAATTATTAATATGAAACCACCCGCAATCTCACAATACCAAACGCCTCTGTTTGTCTGATCCGTTCTTGTTACAGCTGTTCTACTTCTTCTGTCGCTGCCTGTACTAGCTGCCGGAATTACAATGCTTCTTACAGATCGAAACCTAAACACCACCTTCTTCGACCCAGCAGGAGGGGGAGACCCAATTCTTTACCAACATCTATTC,2
CCTCTTGCCGGCAACCTAGCCCATGCAGGAGCATCCGTTGACCTAACCATCTTCTCTCTTCATCTTGCTGGTGTCTCCTCCATCCTAGGGGCCATCAATTTTATTACCACAATCATTAATATAAAACCCCCAGCCATCTCCCAGTACCAAACACCCCTCTTTGTCTGATCCGTTCTGATTACTGCTGTCCTGCTCCTTCTATCACTCCCAGTCCTCGCTGCAGGCATTACGATGCTCTTAACAGACCGAAACCTTAACACCACCTTTTTTGACCCCGCAGGAGGAGGAGACCCCATCCTCTACCAACA,3
CCTCTTGCCGGCAACCTAGCCCATGCAGGAGCATCCGTTGACCTAACCATCTTCTCTCTTCACCTTGCTGGTGTCTCCTCTATTCTAGGGGCAATCAATTTTATTACCACAATTATTAATATAAATCCCCCAGCCATCTCCCAGTACCAAACACCCCTCTTTGTCTGATCCGTCCTAATTACTGCTGTCCTACTTCTTCTGTCACTTCCAGTCCTCGCTGCGGGCATTACAATGCTCCTTACAGACCGAAACCTCAACACCACCTTCTTCGACCCCGCAGGAGGAGGAGACCCCATTCTTTACCAGCACT,3
CCTCTTGCCGGCAACCTAGCCCATGCAGGAGCATCCGTTGACCTAACCATCTTCTCTCTTCATCTCGCAGGTGTCTCTTCTATCCTAGGCGCCATCAATTTTATTACCACAATCATTAATATAAAACCCCCAGCCATCTCCCAGTACCAAACACCCCTCTTTGTCTGATCCGTCCTAATTACTGCCGTCCTGCTCCTTCTATCACTCCCAGTCCTCGCCGCAGGCATTACAATGCTCCTTACGGACCGAAACCTTAACACCACCTTCTTTGACCCCGCAGGAGGAGGGGACCCTATTCTTTACCAACA,3
CCTCTTGCCGGCAACCTAGCCCATGCAGGAGCATCCGTTGACCTAACCATCTTCTCTCTTCACCTTGCTGGTGTCTCCTCTATTCTAGGGGCAATCAATTTTATTACCACAATTATTAATATAAAACCCCCAGCCATCTCCCAGTACCAAACACCCCTCTTTGTCTGATCCGTCCTAATTACTGCTGTCCTACTTCTTCTGTCACTTCCAGTCCTCGCTGCGGGCATTACAATGCTCCTTACAGACCGAAACCTCAACACCACCTTCTTCGACCCCGCAGGAGGAGGAGACCCCATTCTTTACCAGCACTTA,3
CCTCTTGCCGGCAACCTAGCCCATGCAGGAGCATCCGTTGACCTAACCATCTTCTCTCTTCATCTTGCTGGTGTCTCCTCTATTCTAGGGGCCATCAATTTTATTACCACAATTATTAATATAAAACCCCCAGCCATCTCCCAGTACCAAACACCCCTCTTTGTCTGATCCGTTCTGATTACTGCTGTCCTGCTCCTTCTATCACTCCCAGTCCTCGCTGCAGGCATTACGATGCTCCTAACAGACCGAAACCTTAACACCACCTTTTTTGACCCCGCAGGGGGAGGAGACCCCATTCTCTACCAACACCTA,3
CCTCTTGCCGGCAACCTAGCCCATGCAGGAGCATCAGTTGACCTAACCATCTTCTCTCTTCATCTTGCTGGTGTTTCCTCTATTCTAGGGGCAATCAATTTTATTACCACAATTATTAATATAAAACCCCCAGCCATCTCCCAGTACCAAACACCCCTCTTTGTTTGATCCGTTCTAATTACTGCTGTCCTACTCCTTCTATCACTTCCGGTACTCGCTGCGGGCATTACAATGCTCCTTACGGACCGAAACCTTAATACCACCTTCTT,3
CCTCTTGCCGGCAACCTAGCCCATGCAGGAGCATCAGTTGACCTAACCATCTTCTCTCTTCATCTTGCTGGTGTTTCCTCTATTCTAGGGGCAATCAATTTTATTACCACAATTATTAATATAAAACCCCCAGCCATCTCCCAGTACCAAACACCCCTCTTTGTCTGATCCGTTCTAATTACTGCTGTCCTGCTCCTTCTATCACTTCCGGTACTCGCTGCGGGCATTACAATGCTCCTTACGGACCGAAACCTTAATACCACCTTCTTCGACCCCGCAGGAGGAGGAGACCCCAT,3
CCTCTTGCCGGCAACCTAGCCCATGCAGGAGCATCCATTGACCTAACCATCTTCTCTCTTCACCTTGCTGGTGTCTCCTCTATTCTAGGGGCAATCAATTTTATTACCACAATTATTAATATAAAACCCCCAGCCATCTCCCAGTACCAAACACCCCTCTTTGTCTGATCCGTCCTAATTACTGCTGTCCTACTCCTTCTGTCACTTCCAGTCCTCGCTGCGGGCATTACAATGCTCCTTACAGACCGAAACCTCAACACCACCTTCTTCGACCCCGCAGGAGGAGGAGACCCCATTCTTTACCAGCACTTATTC,3
CCTCTTGCCGGCAACCTAGCCCATGCAGGAGCATCCGTTGACCTAACCATCTTCTCTCTTCACCTTGCTGGTGTCTCCTCTATTCTAGGGGCAATCAATTTTATTACCACAATTATTAATATAAAACCCCCAGCCATCTCCCAGTACCAAACACCCCTCTTTGTCTGATCCGTCCTAATTACTGCTGTCCTACTCCTTCTGTCACTTCCAGTCCTCGCTGCGGGCATTACAATGCTCCTTACAGACCGAAACCTCAACACCACCTTCTTCGCCCCCGCAGGAGGAGGAGACCCCATTCTT,3
TCTTGCCGGCAACCTAGCCCATGCAGGAGCATCCGTTGACCTAACCATCTTCTCTCTTCACCTTGCTGGTGTCTCCTCTATTCTAGGGGCAATCAATTTTATTACCACAATTATTAATATAAAACCCCCAGCCATCTCCCAGTACCAAACACCCCTCTTTGTCTGATCCGTCCTAATTACTGCTGTCCTACTCCTTCTGTCGCTTCCAGTCCTCGCTGCGGGCATTACAATGCTCCTTACAGACCGAAACCTCAACACCACCTTCTTCGACCCCGCAGGAGGAGGAGACCCCATTCTTTACCAGCA,3
CCTCTTGCCGGCAACCTAGCCCATGCAGGAGCATCCGTTGACCTAACCATCTTCTCTCTTCACCTTGCTGGTGTCTCCTCTATTCTAGGGGCAATCAATTTTATTACCACAATTATTAATATAAAACCCCCAGCCATCTCCCAGTACCAAACACCCCTCTTTGTCTGATCCGTCCTAATTACTGCTGTCCTACTCCTTCTGTCACTTCCAGTCCTCGCTGCGGGCATTACAATGCTCCTTACAGACCGAAACCTCAACACCACCTTCTTCGACCCCGCANGACGACGANACCCCATTCTTTACCAGCACTTA,3
CCTCTTGCCGGCAACCTAGCCCATGCAGGAGCATCCGTTGACCTAACCATCTTCTCTCTTCACCTTGCTGGTGTCTCCTCTATTCTAGGGGCAATCAATTTTATTACCACAATTATTAATATAAAACCCCCAGCCATCTCCCAGTACCAAACACCCCTCTTTGTCTGATCCGTCCTAATTACTGCTGTCCTACTCCTTCTGTCACTTCCAGTCCTCGCTGCGGGCATTACAATGCTCCTTACAGACCGAAACCTCAACACCACCTTCTTCGCCCCCGCAGGAGGAGGAGACCCCATTCTTTACCAGCANTTA,3
CCTCTTGCCGGCAACCTAGCCCATGCAGGAGCATCCGTTGACCTAACCATCTTCTCTCTTCATCTCGCAGGTGTCTCTTCTATCCTAGGCGCCATCAATTTTATTACCACAATCATTAATATAAAACCCCCAGCCATCTCCCAGTACCAAACACCCCTCTTTGTCTGATCCGTCCTAATTACTGCCGTCCTGCTCCTTCTATCACTCCCAGTCCTCGCCGCAGGCATTACGATGCTCCTTACGGACCGAAACCTTAACACCACCTTCTTTGACCCCGCAGGAGGAGGGAACCCTATTCTTTACCAAC,3
CCTCTTGCCGGCAACCTGGCCCATGCAGGAGCATCCGTTGACCTAACCATCTTCTCTCTTCATCTTGCGGGTGTCTCCTCCATCCTAGGGGCCATCAATTTTATTACCACTATTATTAATATAAAACCCCCAGCTATTTCCCAGTATCAGACACCCCTGTTTGTTTGGTCCGTCTTAATTACTGCCGTCCTACTCCTTTTATCGCTCCCAGTCCTCGCTGCTGGCATTACAATGCTCCTTACGGATCGAAACCTCAACACCACCTTCTTTGACCCCGCAGGAGGGGGAGACCCCATNCTCTACCAACACTTA,3
CCTCTTGCCGGCAACCTAGCCCATGCAGGAGCATCCGTTGACCTAACCATCTTCTCTCTTCACCTTGCNGGTGTCTCCTCTATTCTAGGGGCAATCAATTTTATTACCACAATTATTAATATAAAACCCCCAGCCATCTCCCAGTACCAAACACCCCTCTTTGTCTGATCCGTCCTAATTACTGCTGTCCTACTCCTTCTGTCACTTCCAGTCCTCGCTGCGGGCATTACAATGCTCCTTACAGACCGAAACCTCAACACCACCTTCTTCGACCCCGCAGGAGGAGGAGACCCCATTCTTTACCAGCACTTA,3
CCTCTTGCCGGCAACCTAGCCCATGCAGGAGCATCCGTTGACCTAACCATCTTCTCTCTACATCTCGCAGGTGTCTCTTCTATCCTAGGCGCCATCAATTTTATTACCACAATTATTAATATAAAACCCCCAGCCATCTCCCAGTACCAAACACCCCTCTTTGTCTGATCCGTCCTAATTACTGCCGTCCTGCTCCTTCTATCACTCCCAGTCCTCGCCGCAGGCATTACGATGCTCCTTACGGACCGAAACCTTAATACCACCTTCTTTGACCCNGCAGGAGGGGGGGACCCTATTCTT,3
CCTCTTGCCGGCAACCTGGCCCATGCAGGGGCATCCGTTGACCTAACCATCTTCTCCCTTCATCTTGCTGGTGTTTCCTCTATCCTGGGAGCCATTAATTTTATTACCACAATTATTAATATAAAACCCCCAGCCATCTCCCAGTACCAAACGCCCCTCTTTGTCTGATCCGTCCTAATTACTGCTGTCCTACTCCTTCTATCACTCCCGGTCCTNGCCGCGGGTATTACAATGCNNCTTACGGACCGAAATCTTAACACCACCTTCTTCGNCCCCGCAGGAGGAGGAGACCCTATTCTT,3
CCTCTTGCCGGCAACCTAGCCCATGCNGGAGCATCCGTTGACCTAACCATCTTCTCTCTTCACCTTGCTGGTGTCTCCTCTATTCTAGGGGCAATCAATTTTATTACCACAATTATTAATATAAAACCCCCAGCCATCTCCCAGTACCAAACACCCCTCTTTGTCTGATCCGTCCTAATTACTGCTGTCCTACTCCTTCTGTCACTTCCAGTCCTCGCTGCGGGCATTACAATGCTCCTTACAGACCGAAACCTCAACACCACCTTCTTCGACCCCGCAGGAGGAGGAGACCCCATTCTTTACCAGCACTTA,3
CCTCTTGCCGGCAACCTAGCCCATGCAGGAGCATCAGTTGACCTAACCATCTTCTCTCTTCATCTTGCTGGTGTTTCCTCTATTCTAGGGGCAATCAATTTTATTACCACGATTATTAATATAAAACCCCCAGCCATCTCCCAGTACCAAACACCCCTCTTTGTTTGATCCGTTCTAATTACTGCTGTCCTACTCCTTCTATCACTTCCGGTACTCGCTGCGGGCATTACAATGCTCCTTACGGACCGAAACCTTAATACCACCTTCTTCGACCCCGCAGGAGGAGGAGACCCCATTCTCTACCAGCACTT,3
CCTCTTGCCGGCAACCTAGCCCATGCAGGAGCATCCGTTGACCTAACCATCTTCTCTCTTCACCTTGCTGGTGTCTCCTCTATTCTAGGGGCAATCAATTTTATTACCACAATTATTAATATAAAACCCCCAGCCATCTCCCAGTACCAAACACCCCTCTTTGTCTGATCCGTCCTAATTACTGCTGTCCTACTCCTTCTGTCACTTCCAGTCCTCGCTGCGGGCATTACAATGCTCCTTACAGACCGAAACCTCAACACCACCTTCTTCGACCCCGC,3
CCTCTTGCCGGCAACCTAGCCCATGCAGGAGCATCCGTTGACCTAACCATCTTCTCTCTTCACCTTGCTGGTGTCTCCTCTATTCTAGGGGCAATCAATTTTATTACCACAATTATTAATATAAAACCCCCAGCCATCTCCCAGTACCAAACACCCCTCTTTGTCTGATCCGTCCTAATTACTGCTGTCCTACTCCTTCTGTCACTTCCAGTCCTCGCTGCGGGCATTACAATGCTCCTTACAGACCGAAACCTCAACACCACCTTCTTCGACCCCGCAGGAGGAGGAGACCCCATTCTTTACCA,3
CCTCTTGCCGGCAACCTAGCCCATGCAGGAGCATCCGTTGACCTAACCATCTTCTCTCTTCATCTCGCAGGTGTCTCTTCTATCCTAGGCGCCATCAATTTTATTACCACAATCATTAATATAAAACCCCCAGCCATCTCCCAGTACCAAACACCCCTCTTTGTCTGATCCGTCCTAATTACTGCCGTCCTGCTCCTTCTATCACTCCCAGTCCTCGCCGCAGGCATTACGATGCTCCTTACGGACCGAAACCTTAACACCACCTTCTTTGACCCCGCAGGAGGAGGGGACCCTATT,3
CCTCTTGCCGGCAACCTAGCCCATGCAGGAGCATCCGTTGACCTAACCATCTTCTCTCTACATCTCGCAGGTGTCTCTTCTATCCTAGGCGCCATCAATTTTATTACCACAATTATTAATATAAAACCCCCAGCCATCTCCCAGTACCAAACACCCCTCTTTGTCTGATCCGTCCTAATTACTGCCGTCCTGCTCCTTCTATCACTCCCAGTCCTCGCCGCAGGCATTACGATGCTCCTTACGGACCGAAACCTTAATACCACCTTCT,3
AGCATCCGTTGACCTAACCATCTTCTCTCTTCACCTTGCTGGTGTCTCCTCTATTCTAGGGGCAATCAATTTTATTACCACAATTATTAATATAAAACCCCCAGCCATCTCCCAGTACCAAACACCCCTCTTTGTCTGATCCGTCCTAATTACTGCTGTCCTACTTCTTCTGTCACTTCCAGTCCTCGCTGCGGGCATTACAATGCTCCTCACAGACCGAAACCTCAACACCACCTTCTTCGACCCCGCAGGAGGAGGAGACCCCATTCTTTACCAGCACTTATTC,3
AGCATCCGTTGACCTAACCATCTTCTCTCTTCATCTTGCTGGAGTTTCCTCTATTCTAGGGGCAATCAATTTTATTACCACGATTATTAATATAAAACCCCCAGCCATCTCCCAGTACCAAGCACCCCTCTTTGTTTGATCCGTTCTAATTACTGCTGTCCTACTCCTTCTATCACTTCCGGTACTCGCTGCGGGCATTACAATGCTCCTTACGGACCGAAACCTTAATACCACCTTCTTCGACCCCGCAGGAGGAGGAGACCCCATTCTCTACCAGCACTTATTC,3
TCTTGCCGGCAACCTAGCCCATGCAGGAGCATCCGTTGACCTAACCATCTTCTCTCTTCACCTTGCTGGTGTCTCCTCTATTCTAGGGGCAATCAATTTTATTACCACAATTATTAATATAAAACCCCCAGCCATCTCCCAGTACCAAACACCCCTCTTTGTCTGATCCGTCCTAATTACTGCTGTCCTACTCCTTCTGTCACTTCCAGTCCTCGCTGCGGGCATTACAATGCTCCTTACAGACCGAAACCTCAACACCACCTTCTTCGACCCCGCAGGAGGAGGAGACCCCATTCTTTACCAGC,3
CCTCTTGCCGGCAACCTGGCCCATGCAGGAGCATCCGTTGACCTAACCATCTTCTCTCTTCATCTTGCGGGTGTCTCCTCCATCCTAGGGGCCATCAATTTTATTACCACTATTATTAATATAAAACCCCCAGCTATTTCCCAGTATCAGACACCCCTGTTTGTTTGGTCCGTCTTAATTACTGCCGTCCTACTCCTTTTATCGCTCCCAGTCCTCGCTGCTGGCATTACAATGCTTCTTACGGATCGAAACCTCAACACCACCTTCTTTGACCCCGCAGGAGGGGGAGACCCCATTCTCTACCAACACTTA,3
CCTCTTGCCGGCAACCTAGCCCATGCAGGAGCATCCGTTGACCTAACCATCTTCTCTCTTCATCTTGCTGGTGTCTCCTCCATCCTAGGGGCCATCAATTTTATTACCACAATCATTAATATAAAACCCCCAGCCATCTCCCAGTACCAAACACCCCTCTTTGTCTGATCCGTTCTGATTACTGCTGTCCTGCTCCTTCTATCACTCCCAGTCCTCGCTGCAGGCATTACGATGCTCTTAACAGACCGAAACCTTAACACCACCTTTTTTGACCCCGCAGGAGGAGGAGACCCCAT,3
CCTCTTGCCGGCAACCTGGCCCATGCAGGAGCATCCGTTGACCTAACCATCTTCTCCCTTCATCTTGCTGGTGTTTCCTCTATCCTGGGAGCCATTAATTTTATTACCACAATTATTAATATAAAACCCCCAGCCATCTCCCAGTACCAAACGCCCCTCTTTGTCTGATCCGTCCTAATTACTGCTGTCCTACTCCTTCTATCACTCCCGGTCCTCGCCGCGGGTATTACAATGCTCCTTACGGACCGAAATCTTAACACCACCTTCTTCGACCCCGCAGGAGGAGGAGACCCTAT,3
CCTCTTGCCGGCAACCTGGCCCATGCTGGAGCATCCGTTGACCTAACCATCTTCTCTCTTCATCTTGCGGGTGTCTCCTCCATCCTAGGGGCCATCAATTTTATTACCACTATTATTAATATAAAACCCCCAGCTATTTCCCAGTATCAGACACCCCTGTTTGTTTGGTCCGTCTTAATTACTGCCGTCCTACTCCTTTTATCGCTCCCAGTCCTCGCTGCTGGCATTACAATGCTCCTTACGGATCGAAACCTCAACACCACCTTCTTTGACCCCGCAGGAGGGGGAGACCCCATTCTCTACCAACA,3
CCTCTTGCCGGCAACCTAGCCCATGCAGGAGCATCCGTTGACCTAACCATCTTCTCTCTTCACCTTGCTGGTGTCTCCTCTATTCTAGGGGCAATCAATTTTATTACCACAATTATTAATATAAAACCCCCAGCCATCTCCCAGTACCAAACACCCCTCTTTGTCTGATCCGTCCTAATTACTGCTGTCCTACTCCTTCTGTCACTTCCAGTCCTCGCTGCGGGCATTACAATGCTCCTTACAGACCGAAACCTCAACACCACCTTCTTCGACCCCGCAGGAGGAGGAGACCCCATTC,3
CCTCTTGCCGGCAACCTAGCCCATGCAGGAGCATCCGTTGACCTAACCATCTTCTCTCTTCATCTTGCTGGGGTCTCCTCCATCCTAGGGGCCATCAATTTTATTACCACAATCATTAATATAAAACCCCCAGCCATCTCCCAGTACCAAACACCCCTCTTTGTCTGATCCGTTCTGATTACTGCTGTCCTGCTCCTTCTATCACTCCCAGTCCTCGCTGCAGGCATTACGATGCTCTTAACAGACCGAAACCTTAACACCACCTTTTTTGACCCCGCAGGAGGAGGAGACCCCATCCTCTACCAACA,3
AGCATCCGTTGACCTAACCATCTTCTCTCTTCACCTTGCTGGTGTCTCCTCTATTCTAGGGGCAATCAATTTTATTACCACAATTATTAATATAAAACCCCCAGCCATCTCCCAGTACCAAACACCCCTCTCTGTCTGATCCGTCCTAATTACTGCTGTCCTACTCCTTCTGTCACTTCCAGTCCTCGCTGCGGGCATTACAATGCTCCTTACAGACCGAAACCTCAACACCACCTTCTTCGACCCCGCAGGAGGAGGAGACCCCATTCTTTACCAGCACTTATTC,3
TCTTGCCGGCAACCTAGCCCATGCAGGAGCATCCGTTGACCTAACCATCTTCTCTCTTCATCTCGCAGGTGTCTCTTCTATCCTGGGCGCCATCAATTTTATTACCACAATCATTAATATAAAACCCCCAGCCATCTCCCAGTACCAAACACCCCTCTTTGTCTGATCCGTCCTAATTACTGCCGTCCTGCTCCTTCTATCACTCCCAGTCCTCGCCGCAGGCATTACGATGCTCCTTACGGACCGAAACCTTAACACCACCTTCTTTGACCCCGCAGGAGGAGGGGACCCTAT,3
CCTCTTGCCGGCAACCTAGCCCATGCAGGAGCATCCGTTGACCTAACCATCTTCTCTCTTCACCTTGCTGGTGTCTCCTCTATTCTAGGGGCAATCAATTTATTACCACAATTATTAATCATAAAACCCCCAGCCATCTCCCAGTACCAAACACCCCTCTTTGTCTGATCCGTCCTAATTACTGCTGTCCTACTTCTTCTGTCACTTCCAGTCCTCGCTGCGGGCATTACAATGCTCCTTACAGACCGAAACCTCAACACCACCTTCTTCGACCCCGCAGGAGGAGGAGACCCCATTCTTTACCAGCACTT,3
CCTCTTGCCGGCAACCTAGCCCATGCAGGAGCATCAGTTGACCTAACCATCTTCTCTCTTCATCTTGCTGGTGTTTCCTCTATTCTAGGGGCAATCAATTTTATTACCACAATTATTAATATAAAACCCCCAGCCATCTCCCAGTACCAAACACCCCTCTTTGTCTGATCCGTTCTAATTACTGCTGTCCTACTCCTTCTATCACTTCCGGTACTCGCTGCGGGCATTACAATGCTCCTTACGGACCGAAACCTTAATACCACCTTCTTCGACCCCGCAGGAGGAGGAGACCCCATTCTCTACCAGCACTTA,3
CCTCTTGCCGGCAACCTGGCCCATGCAGGAGCATCCGTTGACCTAACCATCTTCTCTCTTCATCTTGCGGGTGTCTCCTCCATCCTAGGGGCCATCAATTTTATTACCACAATTATTAATATAAAACCCCCAGCTATTTCCCAGTATCAGACACCCTTGTTTGTTTGGTCCGTCTTAATTACTGCCGTCCTACTCCTTTTATCGCTCCCAGTCCTCGCTGCTGGCATTACAATGCTCCTTACGGATCGAAACCTCAACACCACCTTCTTTGACCCNGCAGGAGGGGGAGACCCCATTCTCTA,3
AGCATCAGTTGACCTAACCATCTTCTCTCTTCATCTTGCTGGTGTTTCCTCTATTCTAGGGGCAATCAATTTTATTACCACAATTATTAATATAAAACCCCCAGCCATCTCCCAGTACCAAACACCCCTCTTTGTCTGATCCGTTCTAATTACTGCTGTCCTGCTCCTTCTATCACTTCCGGTACTCGCTGCGGGCATTACAATGCTCCTTACGGACCGAAACCTTAATACCACCTTCTTCGACCCCGCAGGAGGAGGAGACCCCATTCTCTACCAGCACTTATTC,3
CCTCTTGCCGGCAACCTAGCCCATGCAGGAGCATCCGTTGACCTAACCATCTTCTCTCTTCATCTCGCAGGTGTCTCTTCTATCCTAGGCGCCATCAATTTTATTACCACAATCATTAATATAAAACCCCCAGCCATCTCCCAGTACCAAACACCCCTCTTTGTCTGATCCGTCCTAATTACTGCCGTCCTGCTCCTTCTATCACTCCCAGTCCTCGCCGCAGGCATTACGATGCTCCTTACGGACCGAAACCTTAACACCACCTTCTTTGACCCCGCAGGAGGAGGGGACCCTATTCTTTACCAACA,3
CCTCTTGCCGGCAACCTAGCCCATGCAGGAGCATCCGTTGACCTAACCATCTTCTCTCTTCATCTTGCTGGTGTTTCCTCTATCCTAGGGGCCATCAATTTTATTACCACAATTATTAATATAAAACCCCCAGCCATCTCCCAGTACCAAACACCCCTCTTTGTCTGATCCGTCTTGATTACTGCTGTCCTGCTCCTTCTATCACTCCCAGTCCTCGCTGCAGGCATTACGATGCTCTTAACAGACCGAAACCTTAACACCACCTTTTTTGACCCCGCAGGAGGAGGAGACCCCAT,3
CCTCTTGCCGGCAACCTAGCCCATGCAGGAGCATCCGTTGACCTAACCATCTTCTCTCTTCACCTTGCTGGTGTCTCCTCTATTCTAGGGGCAATCAATTTTATTACCACAATTATTAATATAAAACCCCCAGCCATCTCCCAGTACCAAACACCCCTCTTTGTCTGATCCGTCCTAATTACTGCTGTCCTACTCCTTCTGTCACTTCCAGTCCTCGCTGCGGGCATTACAATGCTCCTTACAGACCGAAACCTCAACACCACCTTCTTCGACCCCGCAGGAGGAGGAGACCCCAT,3
CCTCTTGCCGGCAACCTAGCCCATGCAGGAGCATCCGTTGACCTAACCATCTTCTCTCTTCACCTTGCTGGTGTCTCCTCTATTCTAGGGGCAATCAATTTTATTACCACAATTATTAATATAAATCCCCCAGCCATCTCCCAGTACCAAACACCCCTCTTTGTCTGATCCGTCCTAATTACTGCTGTCCTACTTCTTCTGTCACTTCCAGTCCTCGCTGCGGGCATTACAATGCTCCTTACAGACCGAAACCTCAACACCACCTTCTTCGACCCCGCAGGAGGAGGAGACCCCATTCTTTACCAGCAC,3
AGCATCCGTTGACCTAACCATCTTCTCTCTTCACCTTGCTGGTGTCTCCTCTATTCTAGGGGCAATCAATTTTATTACCACAATTATTAATATAAAACCCCCAGCCATCTCCCAGTACCAAACACCCCTCTTTGTCTGATCCGTCCTAATTACTGCTGTCCTACTCCTTCTGTCACTTCCAGTCCTCGCTGCGGGCATTACAATGCTCCTTACAGACCGAAACCTCAACACCACCTTCTTCGACCCCGCAGGAGGAGAAGACCCCATTCTTTACCAGCACTTATTC,3
CCTCTTGCCGGCAACCTAGCCCATGCAGGAGCATCCGTTGACCTAACCATCTTCTCTCTTCACCTTGCTGGTGTCTCCTCTATTCTAGGGGCAATCAATTTTATTACCACAATTATTAATATAAAACCCCCAGCCATCTCCCAGTACCAAACACCCCTCTTTGTCTGATCCGTCCTAATTACTGCTGTCCTACTCCTTCTGTCACTTCCAGTCCTCGCTGCGGGCATTACAATGCTCCTTACAGACCGAAACCTCAACACCACCTTCTTCGACCCCGCAGGAGGAGGAGACCCCATTCTTTACCAGCACTTA,3
TCTTGCCGGCAACCTGGCCCATGCAGGAGCATCCGTTGACCTAACCATCTTCTCTCTTCATCTTGCGGGTGTCTCCTCCATCCTAGGGGCCATCAATTTTATTACCACTATTATTAATATAAAACCCCCAGCTATTTCCCAGTATCAGACACCCCTGTTTGTTTGGTCCGTCTTAATTACTGCCGTCCTACTCCTTTTATCGCTCCCAGTCCTCGCTGCTGGCATTACAATGCTCCTTACGGATCGAAACCTCAACACCACCTTCTTTGACCCCACAGGAGGGGGAGACCCCATTCTCTACCAACACTTA,3
CCTCTTGCCGGCAACCTAGCCCATGCAGGAGCATCCGTTGACCTAACCATCTTCTCTCTTCACCTTGCTGGTGTCTCCTCTATTCTAGGGGCAATCAATTTTATTACCACAATTATTAATATAAATCCCCCAGCCATCTCCCAGTACCAAACACCCCTCTTTGTCTGATCCGTCCTAATTACTGCTGTCCTACTTCTTCTGTCACTTCCAGTCCTCGCTGCGGGCATTACAATGCTCCTTACAGACCGAAACCTCAACACCACCTTCTTCGACCCCGCAGGAGGAGGAGACCCCATTCTTTACCAGCAT,3
CCTCTTGCCGGCAACCTAGCCCATGCAGGAGCATCCGTTGACCTAACCATCTTCTCTCTTCACCTTGCTGGTGTCTCCTCTATTCTAGGGGCAATCAATTTTATTACCACAATTATTAATATAAAACCCCCAGCCATCTCCCAGTACCAAACACCCCTCTTTGTCTGATCCGTCCAAATTACTGCTGTCCTACTCCTTCTGTCACTTCCAGTCCTCGCTGCGGGCATTACAATGCTCCTTACAGACCGAAACCTCAACACCACCTTCTTCGACCCCGCAGGAGGAGGAGACCCCATTCTTTACCAGCACTTATTC,3
CCTCTTGCCGGCAACCTAGCCCATGCAGGAGCATCCGTTGACCTAACCATCTTCTCTCTACATCTCGCAGGTGTCTCTTCTATCCTAGGCGCCATCAATTTTATTACCACAATTATTAATATAAAACCCCCAGCCATCTCCCAGTACCAAACACCCCTCTTTGTCTGATCCGTCCTAATTACTGCCGTCCTGCTCCTTCTATCACTCCCAGTCCTCGCCGCAGGCATTACGATGCTCCTTACGGACCGAAACCTTAATACCACCTTCTTTGACCCCGCAGGAGGGGGGGACCCTATTCTTTACCAACACTTA,3
AGCATCCGTTGACCTAACCATCTTCTCTCTTCACCTTGCTGGTGTCTCCTCTATTCTAGGGGCAATCAATTTTATTACCACAATTATTAATATAAAACCCCCAGCCATCTCCCAGTACCAAACACCCCTCTTTGTCTGATCCGTCCTAATTACTGCTGTCCTACTCCTTCTGTCACTTCCAGTCCTCGCTGCGGGCATTACAATGCTCCTTACAGACCGAAACCCCAACACCACCTTCTTCGACCCCGCAGGAGGAGGAGACCCCATTCTTTACCAGCACTTATTC,3
GCATCCGTTGACCTAACCATCTTCTCTCTTCACCTTGCTGGTGTCTCCTCTATTCTAGGGGCAATCAATTTTATTACCACAACTATTAATATAAAACCCCCAGCCATCTCCCAGTACCAAACACCCCTCTTTGTCTGATCCGTCCTAATTACTGCTGTCCTACTCCTTCTGTCACTTCCAGTCCTCGCTGCGGGCATTACAATGCTCCTTACAGACCGAAACCTCAACACCACCTTCTTCGACCCCGCAGGAGGAGGAGACCCCATTCTTTACCAGCACTTATTTTGGTTC,3
CCTCTTGCCGGCAACCTAGCCCATGCAGGAGCATCAGTTGACCTAACCATCTTCTCTCTTCATCTTGCTGGTGTTTCCTCTATTCTAGGGGCAATCAATTTTATCACCACAATTATTAATATAAAACCCCCAGCCATCTCCCAGTACCAAACACCCCTCTTTGTCTGATCCGTTCTAATTACTGCTGTCCTGCTCCTTCTATCACTTCCGGTACTCGCTGCGGGCATTACAATGCTCCTTACGGACCGAAACCTTAATACCACCTTCTTCGACCCCGCAGGAGGAGGAGACCCCATTCTCTACCAGCACTT,3
TTTAGCCGGAAACCTCGCTCATGCTGGGGCATCTGTTGATCTCACTATTTTTTCTCTTCATCTAGCAGGGATTTCATCAATTCTTGGGGCAATTAATTTTATTACCACAATTATTAATATGAAACCTCCGGCAATTTCACAGTACCAAACACCCTTATTTGTTTGAGCAGTACTAATTACACCTGTGCTTCTACTATTATCTCTCCCCGTCTTAGCAGCTGGTATCACAATACTTCTAACTGACCGTAATCTTAATACTTCTTTCTTTGACCCTGCTGGAGGAGGTGATCCCATTTNATACCAACACTTA,4
CCTTTAGCCGGAAACCTCGCTCATGCTGGGGCATCTGTTGATCTCACTATTTTCTCTCTTCATCTAGCAGGGATTTCATCAATTCTTGGGGCAATTAATTTTATTACCACAATTATTAATATGAAACCTCCGGCAATTTCACAGTACCAAACACCCCTATTTGTTTGAGCAGTACTAATTACAGCTGTGCTTCTACTATTATCTCTCCCCGTCTTAGCAGCTGGTATCACAATACTTCTAACTGACCGTAATCTTAATACTTCTTTCTTTGACCCTGCTGGAGGAGGTGATCCCATTTTATACCAACA,4
TTTAGCCGGAAACCTCGCTCATGCTGGGGCATCTGTTGATCTCACTATTTTTTCTCTTCATCTAGCAGGGATTTCATCAATTCTTGGGGCAATTAATTTTATTACCACAATTATTAATATGAAACCTCCGGCAATTTCACAGTACCAAACACCCCTATTTGTTTGAGCAGTATTAATTACAGCTGTGCTTCTACTATTATCTCTCCCCGTCTTAGCAGCTGGTATCACAATACTTCTAACTGACCGTAATCTTAATACTTCTTTCTTTGACCCTGCTGGAGGAGGTGATCCCATTTTATACCAACACTTA,4
CCTTTAGCCGGAAACCTCGCTCATGCTGGGGCATCTGTTGATCTCACTATTTTTTCTCTTCATCTAGCAGGGATTTCATCAATTCTTGGGGCAATTAATTTTATTACCACAATTATTAATATGAAACCTCCGGCAATTTCACAGTACCAAACACCCCTATTTGTTTGAGCAGTACTAATTACAGCTGTGCTTCTACTATTATCTCTCCCCGTCTTAGCAGCTGGTATCACAATACTTCTAACTGACCGTAATCTTAATACTTCTTTCTTTGACCCTGCTGGA,4
CCTTTAGCCGGAAACCTCGCTCATGCTGGGGCATCTGTTGATCTCACTATTTTTTCTCTTCATCTAGCAGGGATTTCATCAATTCTTGGGGCAATTAATTTTATTACCACAATTATTAATATGAAACCTCCGGCAATTTCACAGTACCAAACACCCCTATTTGTTTGAGCAGTACTAATTACAGCTGTGCTTCTACTATTATCTCTCCCCGTCTTAGCAGCTGGTATCACAATACTTCTAACTGACCGTAATCTTAATACTTCTTTCTTTGACC,4
CCTTTAGCCGGAAACCTCGCTCATGCTGGGGCATCTGTTGATCTCACTATTTTTTCTCTTCATCTAGCAGGGATTTCATCAATTCTTGGGGCAATTAATTTTATTACCACAATTATTAATATGAAACCTCCGGCAATTTCACAGTACCAAACACCCCTATTTGTTTGAGCAGTACTAATTACAGCTGTGCTTCTACTATTATCTCTCCCCGTCTTAGCAGCTGGTATCACAATACTTCTAACTGACCGTAATCTTAATACTTCTTTCTTTGACCCTGCTGGAGGAGG,4
TTTAGCCGGAAACCTCGCTCATGCTGGGGCATCTGTTGATCTCACTATTTTTTCTCTTCATCTAGCAGGGATTTCATCAATTCTTGGGGCAATTAATTTTATTACCACAATTATTAATATGAAACCTCCGGCAATTTCACAGTACCAAACACCCCTATTTGTTTGAGCAGTACTAATTACAGCTGTGCTTCTACTATTATCTCTCCCCGTCTTAGCAGCTGGTATCACAATACTTCTAACTGACCGTAATCTTAATACTTCTT,4
TTTAGCCGGAAACCTCGCTCATGCTGGGGCATCTGTTGATCTCACTATTTTTTCTCTTCATCTAGCAGGGATTTCATCAATTCTTGGGGCAATTAATTTTATTACCACAATTATTAATATGAAACCTCCGGCAATTTCACAGTACCAAACACCCCTATTTGTTTGAGCAGTACTAATTACAGCTGTGCTTCTACTATTATCTCTCCCCGTCTTAGCAGCTGGTATCACAATACTTCTAACTGACCGTAATCTTAATACTTCTTTCTTTGACCCTGCTGGAGGAGGTGATCCCATTWTMTACCAACACTTA,4
TTTAGCCGGAAACCTCGCTCATGCTGGGGCATCTGTTGATCTCACTATTTTCTCTCTTCATCTAGCAGGGATTTCATCAATTCTTGGGGCAATTAATTTTATTACCACAATTATTAATATGAAACCTCCGGCAATTTCACAGTACCAAACACCCCTATTTGTTTGAGCAGTACTAATTACAGCTGTGCTTCTACTATTATCTCTCCCCGTCTTAGCAGCTGGTATCACAATACTTCTAACTGACCGTAATCTTAATACTTCTTTCTTTGACCCTGCTGGAGGAGGTGATCCCATTTTATACCAACACTTA,4
CCTTTAGCCGGAAATCTCGCTCATGCTGGGGCATCTGTTGATCTCACTATTTTTTCTCTTCATCTAGCAGGGATTTCATCAATTCTTGGGGCAATTAATTTTATTACCACAATTATTAATATGAAACCTCCGGCAATTTCACAGTACCAAACACCCCTATTTGTTTGAGCAGTACTAATTACAGCTGTGCTTCTACTATTATCTCTCCCCGTCTTAGCAGCTGGTATCACAATACTTCTAACTGACCGTAATCTTAATACTTCTTTCTTTGACCCTGCTGGAGGAGGTGATCCCATTTTATACCAACACTT,4
CCTTTAGCCGGAAACCTCGCTCATGCTGGGGCATCTGTTGATCTCACTATTTTTTCTCTTCATCTAGCAGGGATTTCATCAATTCTTGGGGCAATTAATTTTATTACCACAATTATTAATATGAAACCTCCGGCAATTTCACAGTACCAAACACCCCTATTTGTTTGAGCAGTACTAATTACAGCTGTGCTTCTACTATTATCTCTTCCCGTCTTAGCAGCTGGTATCACAATACTTCTAACTGACCGTAATCTTAATACTTCTTTC,4
CCTTTAGCCGGAAACCTCGCTCATGCTGGGGCATCTGTTGATCTCACTATTTTTTCTCTTCATCTAGCAGGGATCTCATCAATTCTTGGGGCAATTAATTTTATTACCACAATTATTAATATGAAACCTCCGGCAATTTCACAGTACCAAACACCCCTATTTGTTTGAGCAGTACTAATTACAGCTGTGCTTCTACTATTATCTCTCCCCGTCTTAGCAGCTGGTATCACAATACTTCTAACTGACCGTAATCTTAATACTTCTTTCTT,4
CCTTTAGCCGGAAACCTCGCTCATGCTGGGGCATCTGTTGATCTCACTATTTTTTCTCTTCATCTAGCAGGGATTTCATCAATTCTTGGGGCAATTAATTTTATTACCACAATTATTAATATGAAACCTCCGGCAATTTCACAGTACCAAACACCCCTATTTGTTTGAGCAGTACTAATTACAGCTGTGCTTCTACTATTATCTCTCCTCGTCTTAGCAGCTGGTATCACAATACTTCTAACTGACCGTAATCTTAATACTTCTTTCTT,4
TTTAGCCGGAAACCTCGCTCATGCTGGGGCATCTGTTGATCTCACTATTTTTTCTCTTCATCTAGCAGGGATTTCATCAATTCTTGGGGCAATTAATTTTATTACCACAATTATTAATATGAAACCTCCGGCAATTTCACAGTACCAAACACCCCTATTTGTTTGAGCAGTACTAATTACAGCTGTGCTTCTACTATTATCTCTCCCCGTCTTAGCAGCTGGTATCACAATACTTCTAASTGACCGTAATCTTAATACTTCTTTCTT,4
CCTTTAGCCGGAAACCTCGCTCATGCTGGGGCATCTGTTGATCTCACTATTTTTTCTCTTCATCTAGCAGGGATTTCATCAATTCTTGGGGCAATTAATTTTATTACCACAATTATTAATATGAAACCTCCGGCAATTTCACAGTACCAAACACCCTTATTTGTTTGAGCAGTACTAATTACAGCTGTGCTTCTACTATTATCTCTCCCCGTCTTAGCAGCTGGTATCACAATACTTCTAACTGACCGTAATCTTAATACCTCTTTCT,4
TTTAGCCGGAAACCTCGCTCATGCTGGGGCATCTGTTGATCTCACTATTTTTTCTCTTCATCTAGCAGGGATTTCATCAATTCTTGGGGCAATTAATTTTATTACCACAATTATTAATATGAAACCTCCGGCAATTTCACAGTACCAAACACCCCTATTTGTCTGAGCAGTACTAATTACAGCTGTGCTTCTACTATTATCTCTCCCCGTCTTAGCAGCTGGTATCACAATACTTCTAACTGACCGTAATCTTAATACTTCTTTCTTTGACCCTGCTGGAGGAGGTGATCCCATTTTATACCAACACTT,4
TTTAGCCGGAAACCTCGCTCATGCTGGGGCATCTGTTGATCTCACTATTTTTTCTCTTCATCTAGCAGGGATTTCATCAATTCTTGGGGCAATTAATTTTATTACCACAATTATTAATATGAAACCTCCGGCAATTTCACAGTACCAAACACCCCTATTTGTTTGAGCAGTACTAATTACAGCTGTGCTTCTACTATTATCTCTCCCCGTCTTAGCAGCTGGTATCACAATACTTCTAACTGACCGTAATCTTAATA,4
CCTTAGCCGGAAACCTCGCTCATGCTGGGGCATCTGTTGATCTCACTATTTTTTCTCTTCATCTAGCAGGGATCTCATCAATTCTTGGGGCAATTAATTTTATTACCACAATTATTAATATGAAACCTCCGGCAATTTCACAGTACCAAACACCCCTATTTGTTTGAGCAGTACTAATTACAGCTGTGCTTCTACTATTATCTCTCCCCGTCTTAGCAGCTGGTATCACAATACTTCTAACTGACCGTAATCTTAATACTTCTTTCTT,4
TTTAGCCGGAAACCTCGCTCATGCTGGGGCATCTGTTGATCTCACTATTTTTTCTCTTCATCTAGCAGGGATTTCATCAATTCTTGGGGCAATTAATTTTATTACCACAATTATTAATATGAAACCTCCGGCAATTTCACAGTACCAAACACCCCTATTTGTTTGAGCAGTACTAATTACAGCTGTGCTTCTACTATTATCTCTCCCCGTCTTAGCAGCTGGTATCACAATACTTCTAACTGACCGTAATC,4
TTTAGCCGGAAACCTCGCTCATGCTGGGGCATCTGTTGATCTCACTATTTTTTCTCTTCATCTAGCAGGGATTTCATCAATTCTTGGGGCAATTAATTTTATTACCACAATTATTAATATGAAACCTCCGGCAATTTCACAGTACCAAACACCCCTATTTGTTTGAGCAGTACTAATTACAGCTGTGCTTCTACTATTATCTCTCCCCGTCTTAGCAGCTGGTATCACAATACTTCTAACTGACCGTAATCTTAATACTTCTTTCTTTGATCCTGCTGGAGGAGGTGATCCCATTTTATACCAACACTTA,4
CCTTTAGCCGGAAACCTCGCTCATGCTGGGGCATCTGTTGATCTCACTATTTTTTCTCTTCATCTAGCAGGGATTTCATCAATTCTTGGGGCAATTAATTTTATTACCACAATTATTAATATGAAACCTCCGGCAATTTCACAGTACCAAACACCCTTATTTGTTTGAGCAGTACTAATTACAGCTGTGCTTCTACTATTATCTCTCCCCGTCTTAGCAGCTGGTATCACAATACTTCTAACTGACCGTAATCTTAATACTTCTTTC,4
CCTTTAGCCGGAAACCTCGCTCATGCTGGGGCATCTGTTGATCTCACTATTTTTTCTCTTCATCTAGCAGGGATCTCATCAATTCTTGGGGCAATTAATTTTATTACCACAATTATTAATATGAAACCTCCGGCAATTTCACAGTACCAAACACCCCTATTTGTTTGAGCAGTACTAATTACAGCTGTGCTTCTACTATTATCTCTCCCCGTCTTAGCAGCTGGTATCACAATACTTCTAACTGACCGTAATCTTAATACTTCTTTC,4
TTTAGCCGGAAACCTCGCTCATGCTGGGGCATCTGTTGATCTCACTATTTTTTCTCTTCATCTAGCAGGGATTTCATCAATTCTTGGGGCAATTAATTTTATTACCACAATTATTAATATGAAACCTCCGGCAATTTCACAGTACCAAACACCCCTATTTGTTTGAGCAGTACTAATTACAGCTGTGCTTCTACTACTATCTCTCCCCGTCTTAGCAGCTGGTATCACAATACTTCTAACTGACCGTAATCTTAATACTTCTTTCTTTGACCCTGCTGGAGGAGGTGATCCCATTTTATACCAACACTT,4
CCTTTAGCCGGAAACCTCGCTCATGCTGGGGCATCTGTTGATCTCACTATTTTCTCTCTTCATCTAGCAGGGATTTCATCAATTCTTGGGGCAATTAATTTTATTACCACAATTATTAATATGAAACCTCCGGCAATTTCACAGTACCAAACACCCCTATTTGTTTGAGCAGTACTAATTACAGCTGTGCTTCTACTATTATCTCTCCCCGTCTTAGCAGCTGGTATCACAATACTTCTAACTGACCGTAATCTTAATACTTCTTTC,4
CCTTTAGCCGGAAACCTCGCTCATGCTGGGGCATCTGTTGATCTCACTATTTTTTCTCTTCATCTAGCAGGGATTTCATCAATTCTCGGGGCAATTAATTTTATTACCACAATTATTAATATGAAACCTCCGGCAATTTCACAGTACCAAACACCCCTATTTGTTTGAGCAGTACTAATTACAGCTGTGCTTCTACTATTATCTCTCCCCGTCTTAGCAGCTGGTATCACAATACTTCTAACTGACCGTAATCTTAATACTTCTTTCTT,4
CCTTTAGCCGGAAACCTCGCTCATGCTGGGGCATCTGTTGATCTCACTATTTTTTCTCTTCATCTAGCAGGGATTTCATCAATTCTTGGGGCAATTAATTTTATTACCACAATTATTAATATGAAACCTCCGGCAATTTCACAGTACCAAACACCCCTATTTGTTTGAGCAGTACTAATTACAGCTGTGCTTTTACTATTATCTCTCCCCGTCTTAGCAGCTGGTATCACAATACTTCTAACTGACCGTAATCTTAATACTTCTTTCTTTGACCCTGCTGGAGGA,4
TTTAGCCGGAAACCTCGCTCATGCTGGGGCATCTGTTGATCTCACTATTTTTTCTCTTCATCTAGCAGGGATTTCATCAATTCTTGGGGCAATTAATTTTATTACCACAATTATTAATATGAAACCTCCGGCAATTTCACAGTACCAAACACCCCTATTTGTCTGAGCAGTACTAATTACAGCTGTGCTTCTACTATTATCTCTCCCCGTCTTAGCAGCTGGTATCACAATACTTCTAACTGACCGTAATCTTAATACTTCTTTCTTTGACCCTGCTGGAGGAGGGGATCCCATTTTATACCAACACTT,4
CCTTTAGCCGGAAACCTCGCTCATGCTGGGGCATCTGTTGATCTCACTATTTTCTCTCTTCATCTAGCAGGGATTTCATCAATTCTTGGGGCAATTAATTTTATTACCACAATTATTAATATGAAACCTCCGGCAATTTCACAGTACCAAACACCCCTATTTGTTTGAGCAGTACTAATTACAGCTGTGCTTCTACTATTATCTCTCCCCGTCTTAGCAGCTGGTATCACAATACTTCTAACTGACCGTAATCTTAATACTTCTTTCTTTGACCCTGCTGGAGGAGGTGATCCCATTT,4
CCTTTAGCCGGAAACCTCGCTCATGCTGGGGCATCTGTTGATCTCACTATTTTTTCTCTTCATCTAGCAGGGATTTCATCAATTCTTGGGGCAATTAATTTTATTACCACAATTATTAATATGAAACCTCCGGCAATTTCACAGTACCAAACACCCCTATTTGTTTGAGCAGTACTAATTACAGCTGTGCTTCTACTATTATCTCTCCCCGTCTTAGCAGCTGGTATCACAATACTTCTAACTGACCGTAATCTTAATACTTCTTTCTTTGACCCTGCTGGAGGAGGTGATCCCATTTNATACCAACA,4
TTTAGCCGGAAACCTCGCTCATGCTGGGGCATCTGTTGATCTCACTATTTTTTCTCTTCATCTAGCAGGGATTTCATCAATTCTTGGGGCAATTAATTTTATTACCACAATTATTAATATGAAACCTCCGGCAATTTCACAGTACCAAACACCCCTATTTGTTTGAGCAGTACTAATTACAGCTGTGCTTTTACTATTATCTCTCCCCGTCTTAGCAGCTGGTATCACAATACTTCTAACTGACCGTAATCTTAATACTTCTTTCTTTGACCCTGCTGGAGGAGGTGATCCCATTTTATACCAACACTT,4
CCTTTAGCCGGAAACCTCGCTCATGCTGGGGCATCTGTTGATCTCACTATTTTTTCTCTTCATCTAGCAGGGATTTCATCAATTCTTGGGGCAATTAATTTTATTACCACAATTATTAATATGAAACCTCCGGCAATTTCACAGTACCAAACACCCTTATTTGTTTGAGCAGTACTAATTACAGCTGTGCTTCTACTATTATCTCTCCCCGTCTTAGCAGCTGGTATCACMATACTTCTAACTGACCGTAATCTTAATACCTCTTTCTTTGACCCTGC,4
TTTAGCCGGAAACCTCGCTCATGCTGGGGCATCTGTTGATCTCACTATTTTTTCTCTTCATCTAGCAGGGATTTCATCAATTCTTGGGGCAATTAATTTTATTACCACAATTATTAATATGAAACCTCCGGCAATTTCACAGTACCAAACACCCCTATTTGTTTGAGCAGTACTAATTACAGCTGTGCTTCTACTATTATCTCTCCCCGTCTTAGCAGCTGGTATCACAATACTTCTAACTGACCGTAATCTTAATACTTCTTTCTTTGACCCTGCTGGAGGAGGTGATCCCATTTTATACCAGCACTTA,4
CCTTTAGCCGGAAACCTCGCTCATGCTGGGGCATCTGTTGATCTCACTATTTTTTCTCTTCATCTAGCAGGGATTTCATCAATTCTTGGGGCAATTAATTTTATTACCACAATTATTAATATGAAACCTCCGGCAATTTCACAGTACCAAACACCCCTATTTGTTTGAGCAGTACTAATTACAGCTGTGCTTCTACTATTATCTCTCCCCGTCTTAGCAGCTGGTATCACAATACTTCTAACTGACCGTAATCTTAATACTTCTTTCTTTGACCCTGC,4
CCTTTAGCCGGAAACCTCGCTCATGCTGGGGCATCTGTTGATCTCACTATTTTTTCTCTTCATCTAGCAGGGATTTCATCAATTCTTGGGGCAATTAATTTTATTACCACAATTATTAATATGAAACCTCCGGCAATTTCACAGTACCAAACACCCCTATTTGTTTGAGCAGTACTAATTACAGCTGTGCTTCTACTATTATCTCTCCCCGTCTTAGCAGCTGGTATCACAATACTTCTAACTGACCGTAATCTTAATACTTCTTTCTTTGACCCTGCTGGAGGAGGTGATCCCATTTTA,4
CCTTTAGCCGGAAACCTCGCTCATGCTGGGGCATCTGTTGATCTCACTATTTTTTCTCTTCATCTAGCAGGGATTTCATCAATTCTTGGGGCAATTAATTTTATTACCACAATTATTAATATGAAACCTCCGGCAATTTCACAGTACCAAACACCCCTATTTGTTTGAGCAGTACTAATTACNGCTGTGCTTCTACTATTATCTCTCCCCGTCTTAGCAGCTGGTATCACAATACTTCTAACTGACCGTAATCTTAATACTTCTTTCTTTGACCCTGCCGGAGGAGGTGATCCCATTTTATATCAACACCT,4
CTTTAGCCGGAAACCTCGCTCATGCTGGGGCATCTGTTGATCTCACTATTTTTTCTCTTCATCTAGCAGGGATTTCATCAATTCTTGGGGCAATTAATTTTATTACCACAATTATTAATATGAAACCTCCGGCAATTTCACAGTACCAAACACCCCTATTTGTTTGAGCAGTACTAATTACAGCTGTGCTTCTACTATTATCTCTCCCCGTCTTAGCAGCTGGTATCACAATACTTCTAACTGACCGTAATCTTAATACTTCTTTCTTTGACCCTGCNGGAGGAGGNGATCCCATTTTATACCAACACTTA,4
TTTAGCCGGAAACCTCGCTCATGCTGGGGCATCTGTTGATCTCACTATTTTTTCTCTTCATCTAGCAGGGATTTCATCAATTCTTGGGGCAATTAATTTTATTACCACAATTATTAATATGAAACCTCCGGCAATTTCACAGTACCAAACACCCCTATTTGTTTGAGCAGTACTAATTACAGCTGTGCTTCTACTATTATCTCTCCCCGTCTTAGCAGCTGGTATCACAATACTTCTAACTGACCGTAATCTTAATACTTCTTTCTTTGACCCTGCTGGAGGAGGTG,4
TTTAGCCGGAAACCTCGCTCATGCTGGGGCATCTGTTGATCTCACTATTTTTTCTCTTCATCTAGCAGGGATTTCATCAATTCTTGGGGCAATTAATTTTATTACCACAATTATTAATATGAAACCTCCGGCAATTTCACAGTACCAAACACCCCTATTTGTTTGAGCAGTACTAATTACAGCTGTGCTTCTACTATTATCTCTCCCCGTCTTAGCAGCTGGTATCACAATACTTCTAACTGACCGTAATCTTAATACTTCTTTCTTTGACCCTGCTGGAGGGGGTGATCCCATTTTATACCAACACTTA,4
TTTAGCCGGAAACCTCGCTCATGCTGGGGCATCTGTTGATCTCACTATTTTTTCTCTTCATCTAGCAGGGATTTCATCAATTCTTGGGGCAATTAATTTTATTACCACAATTATTAATATGAAACCTCCGGCAATTTCACAGTACCAAACACCCCTATTTGTTTGAGCAGTACTAATTACAGCTGTGCTTCTACTATTATCTCTCCCCGTCTTAGCAGCTGGTATCACAATACTTCTAACTGACCGTAATCTTAATACTT,4
CCTTTAGCCGGAAACCTCGCTCATGCTGGGGCATCTGTTGATCTCACTATTTTTTCTCTTCATCTAGCAGGGATTTCATCAATTCTTGGGGCAATTAATTTTATTACCACAATTATTAATATGAAACCTCCGGCAATTTCACAGTACCAAACACCCCTATTTGTTTGAGCAGTACTAATTACAGCTGTGCTTCTACTATTATCTCTCCCCGTCTTAGCAGCTGG,4
TTTAGCCGGAAACCTCGCTCATGCTGGGGCATCTGTTGATCTCACTATTTTTTCTCTTCATCTAGCAGGGATTTCATCAATTCTTGGGGCAATTAATTTTATTACCACAATTATTAATATGAAACCTCCGGCAATTTCACAGTACCAAACACCCCTATTTGTTTGAGCAGTACTAATTACAGCTGTGCTTCTACTATTATCTCTCCCCGTCTTAGCAGCTGGTATCACAATACTTCTAACTGACCGTAATCTTAATACTTCTTTCTTTGACCCTGCTGGAGGAGGTGATCCCATTTTATACCAACACTTATT,4
TTTAGCCGGAAACCTCGCTCATGCTGGGGCATCTGTTGATCTCACTATTTTTTCTCTTCATCTAGCAGGGATTTCATCAATTCTTGGGGCAATTAATTTTATTACCACAATTATTAATATGAAACCTCCGGCAATTTCACAGTACCAAACACCCCTATTTGTTTGAGCAGTACTAATTACAGCTGTGCTTCTACTATTATCTCTCCCCGTCTTAGCAGCTGGTATCACAATACTTCTAACTGACCGTAATCTTAATACTTCTTT,4
TTTAGCCGGAAACCTCGCTCATGCTGGGGCATCTGTTGATCTCACTATTTTTTCTCTTCATCTAGCAGGGATTTCATCAATTCTCGGGGCAATTAATTTTATTACCACAATTATTAATATGAAACCTCCGGCAATTTCACAGTACCAAACACCCCTATTTGTTTGAGCAGTACTAATTACAGCTGTGCTTCTACTATTATCTCTCCCCGTCTTAGCAGCTGGTATCACAATACTTCTAACTGACCGTAATCTTAATACTTCTTTCTTTGACCCTGCTGGAGGAGGTGATCCCATTTTATACCAACACTT,4
